pano_id,date,lat,lng
l9OaUWvna4wdszTPAnxquQ,2025-10,37.10592065782632,-122.1424946421546
CAoSF0NJSE0wb2dLRUlDQWdJRFptY3EwandF,2023-09,37.10517496968377,-122.141948891335
M9hqYloIcc_flfJZOmivMw,2025-10,37.10497306344882,-122.1416677406442
rBkp9e9E9-vhebHtKAXfiQ,2025-10,37.10476255948939,-122.1414529566178
JYgkLf4FidcOx4lQtW_AIQ,2025-10,37.10501889960178,-122.1171694681051
6Q7l4s1JjGS_W0RYdBmhSA,2025-10,37.10497323691555,-122.1168014183051
BH34s0F-y_OZSUHnuZghhA,2025-10,37.10491038648523,-122.1162322255648
5GlOGGCScWk7yLg_lIGkvg,2025-10,37.10486656539398,-122.1156226452407
zcCjDHZhu_AmaM9sTUUAWg,2025-10,37.10488871315313,-122.1150589927037
5hsAHBUyDYXIfJ-BrO14bg,2025-10,37.10488935935738,-122.1144968971636
iYW8EqMh2XcfwO3_YTlbZA,2025-10,37.10489410942295,-122.1139302055313
ve8X4ZBIqEmfr_sQIInPLQ,2025-10,37.10502616625897,-122.1133599577031
iP7nDhv2MLc8ykCd0TnrqA,2025-10,37.10520868852279,-122.1129656356374
1GhJCEb1Sz_ARWQj5NuobA,2025-10,37.10538490301204,-122.1125615190258
Sv9jiCQRJswsWDS9zQRhiQ,2025-10,37.10536275390181,-122.1114990049231
nfhBi7tHZNXGFbSy5uaQAg,2025-10,37.10502856761306,-122.1108723247038
M6y-LPiaXRivboZLZWD02w,2025-10,37.10507853971026,-122.1105524399281
LJ6eBTAnfKaVWNu2UMZZ6Q,2025-10,37.10533497127024,-122.1099583409293
KE0HqmjnAnlDYfmbXFpWpQ,2025-10,37.10533867117196,-122.1098508740952
-fNxHds3bW6oIINfYQGsPQ,2011-05,37.10534030171711,-122.1064923083812
2o9ALo9zEIjPnG6ZHvp5WA,2025-10,37.10529458295067,-122.1062735542515
VGtwil2aSTD1lv0rtxwMZQ,2025-10,37.10505058974962,-122.1052836082819
vFpZnIdBtSAOaW2lzB82vQ,2025-10,37.10487615283475,-122.1051967644018
QAQuaH57JcTd8ncHns_FNg,2025-10,37.10453672872159,-122.1047898452929
NbYVWi_iSN1chugL53urwA,2025-10,37.10442270915303,-122.1046243904189
DuCwWJpDNDkcjjO62WRlBA,2025-11,37.10464959894012,-122.1024034224258
2TZU1Gxq1QdW1yCmXxvS4A,2025-11,37.10517595425409,-122.1015562790547
sz3FKgpM1EzObd1Drne9Qw,2025-11,37.10501343111096,-122.1015010680279
CAoSF0NJSE0wb2dLRUlDQWdJRFptY3FzOFFF,2023-09,37.10562015534318,-122.1424134598374
oSygcmb0lweJxPDV0WKHbA,2025-10,37.1054649502808,-122.1421614217096
rKoEpAfWlCg-f8q6GGQ3QA,2025-10,37.10525185307486,-122.1419566890324
EMZqJy8JTB12tXNz8cPDjw,2025-10,37.10492138098754,-122.1163423725668
-zeUen4kAqCMcPAXRFzIqg,2025-10,37.10511263801538,-122.1131627101858
ZAn_cqOop0VXkjq-f-3knw,2025-10,37.10533932236628,-122.1126623099927
oqVfaRBqcrIEOhS_xU6mrQ,2025-10,37.10553449589582,-122.1122599255457
ZXHMKMnxNzX6TOnsxYTaVA,2025-10,37.10539573366162,-122.1116310831009
j0J6wzvQ5CmkW8TskJPOtw,2025-10,37.10534507921636,-122.1110798029714
nLunZBr0FkYLgf3vwM86HQ,2025-10,37.10524380925209,-122.110295820761
_OETvmy2NvsanCW2xJziBQ,2025-10,37.10556214351957,-122.1094842727204
DEHGBM7df4j6i4qQNnFFcQ,2025-10,37.10561766059432,-122.1088591408433
HAQ-vWva732dRSL_ki54XQ,2025-10,37.10586022719907,-122.1086971589037
G9CemzQu6rEyvvq2imHjKw,2025-10,37.10563924523196,-122.1068376859304
oDt0ddHiO6BBhp9VJ9bKBQ,2025-10,37.10543615371918,-122.106643633285
hZTg-pNwD5pLkYIAjv9nsw,2025-10,37.10549327737638,-122.1060257652636
8S_3yKE_yYonTR5rWZLc6A,2025-10,37.10546770571498,-122.1054925706656
PjEaTXATfrP7YFlxsxJs8Q,2025-10,37.10530436485157,-122.1053984466389
5YccxLEZRyh29JrErGo4UA,2025-11,37.10610966016739,-122.1039432406327
CAoSFkNJSE0wb2dLRUlDQWdJRFptY3E0WlE.,2023-09,37.10585729451656,-122.1425926326824
M7eXxzJxxOzeaVbrH3pcnA,2025-10,37.1058410578268,-122.1424440440047
mtACPB2pAnc6ZZtCKr2Wxw,2025-10,37.10525124003342,-122.1128656249331
MdjO2ARBrZOaVMfVND38-g,2025-10,37.10548481319882,-122.1123599368102
M25N1zJ2Kez-hjfmfjDmrw,2025-10,37.10562369011699,-122.1120560894758
y8dXxkt5pPeqFcpad19zEw,2025-10,37.10572112601177,-122.111619209938
w3hCDt0flZIQ0CeHfAa52w,2025-10,37.10588903902479,-122.1110981761322
YCFq1HfUka1dnlcto0sG2A,2025-10,37.10607253035016,-122.1107028058237
pebQkmoM5ueygXxuWdPizg,2025-10,37.10633497101885,-122.1102044742438
PEh4ij9FaCU8vTWH3GEh6g,2025-10,37.10569921634993,-122.1092141309121
9pFp2lNj0wRpr0-3vUL1IQ,2025-10,37.10604672067912,-122.1085991376123
VFBSVBFjSmgmt8PbqZUsKQ,2025-10,37.10637863517326,-122.1075652719143
Bx_IMWt_RW_PF3BigTHhVw,2025-10,37.10598168719878,-122.1069754032955
78ccpgpf1uiYB4q5oP5dWw,2025-10,37.1058075173064,-122.1069159482431
eywP8Co2YV5OFIz1VqsDag,2018-09,37.1059453013594,-122.1059171678124
lNQPINh_l46cCdQmRNd9kA,2018-09,37.10575294745288,-122.1057228535054
VWt3FxZI33Dmb_WhnxaONw,2011-05,37.10609590525679,-122.1046932071966
ARLZDGsCl7sAWeaZBT_CNg,2025-11,37.10609937800958,-122.1042995469025
UbWk0aDpbrvPeYbVXpYTrg,2025-11,37.10609287327503,-122.1037146007688
CAoSFkNJSE0wb2dLRUlDQWdJRFptY3FzY1E.,2023-09,37.10651474475407,-122.1428756004084
QRwpPViSnljw399Xkf8Eyg,2025-10,37.10633163015162,-122.1427030127104
zQlVDaBhGV9huAEY-E9OVA,2025-10,37.10624548200918,-122.142665324095
fjc8vpimaK-lTR9-AJco-Q,2025-10,37.10599883576381,-122.142539002157
6nxHrLSMnvoL3QzhBlKeLg,2025-10,37.10560475287274,-122.1119176852586
Q4URFgoAcQNLA6Z-J89ErQ,2025-10,37.10574909915638,-122.1115100114441
75EopaLDGcFv-7gC9eoaAg,2025-10,37.10602189176196,-122.1108016052033
m2NNOsawYOrj6Z8VNMsrSA,2025-10,37.10621908616881,-122.1104188004378
6UBdmrHeqLQz9pKbFel3pw,2025-10,37.10637149761383,-122.1099135342058
uU9uvUvC4zyHAOcyg1ykKA,2025-10,37.10646942665422,-122.1094632992708
DjIGqFXfNBL4gvAQCB9qgQ,2025-10,37.10662428494138,-122.1090463427826
iBSoaD3ia1wxQQvvQ219yA,2025-10,37.10633921078934,-122.1082014181273
RTScHyoiCSxQ2BVG-TlIuw,2025-10,37.10640665956735,-122.1076748210656
CbKjyMpupDfCDx3QTzh3ng,2025-10,37.10626344545462,-122.1072668712504
0ap8b506jgyU52U6pkzAfA,2021-12,37.10647204866417,-122.1065150157973
LkXzZyUQ99suPbxcN3IlCg,2025-10,37.10635687051622,-122.1060952745088
kIkp9kfxm5pMV_0ibpVAfw,2025-10,37.10656896870051,-122.1057193000291
wr0J1FhTyd_99c9_grhyyA,2011-05,37.10633569644882,-122.1048548484482
fFseSy_5TonA1QL8C6Lo9A,2025-10,37.10721918002525,-122.1431798808576
CAoSFkNJSE0wb2dLRUlDQWdJRFptY3EwTHc.,2023-09,37.10683667303162,-122.1430023551532
oR_H5yF15Y9Cr5D2LC0D7A,2025-10,37.10676515824247,-122.1428941414399
-Obs6OP8LQdQWnIA5DGu2A,2025-10,37.1067250515566,-122.1097633405465
vDJutIaf_GHmfnle7bhuZA,2025-10,37.10686543050303,-122.1096161800249
QM5Fg_a3fn4hhvAYZgbEJw,2025-10,37.10676059569479,-122.1088313205274
ZPTk6Lfk5MEgPZ_wKxdtrQ,2025-10,37.10704634781382,-122.1085333566957
uErX8d41-iVfEJLfxkmKyQ,2025-10,37.10642884686868,-122.1077871434979
v2SMzxAV8bVuQic5TG6oNw,2025-10,37.10687101566783,-122.1069749699498
CuJiNMu9G4f-z6Q8cfgAZg,2025-10,37.10666294735143,-122.1067530967004
_dJ26E8TItjDIeCouuF4CA,2025-10,37.10651560048733,-122.1058110836844
ImuK-oTGqtpB3lNm-bjP5A,2025-10,37.10673976312233,-122.1054514022478
u7yeDGM5OxUnv-CepAgEjg,2011-05,37.10680786739914,-122.1049410859072
sE8IdzU8n71blD_YK4ZhQw,2011-05,37.1068969397818,-122.1050252432005
CAoSF0NJSE0wb2dLRUlDQWdJRFptY3EwM3dF,2023-09,37.10750691523882,-122.1436407185471
CAoSF0NJSE0wb2dLRUlDQWdJRFptY3FTdWdF,2023-09,37.10726760962474,-122.1433535074716
cpN6iSqZPU4CIHbakzeNEg,2025-10,37.10713961751738,-122.1431187129319
mbQrV4A1MbRrrLUNzjC8-Q,2025-10,37.10759402619625,-122.1121521143389
rjBqGnQ15ckM2E0PpsxWBw,2025-10,37.10762073098513,-122.1117897673649
wjKxl_SdhPjEFYwVfX7fcQ,2025-10,37.10765148026903,-122.1104176737747
zWzqjaq1a2bA8JqSgyJW2Q,2025-10,37.10725250903881,-122.1095721531632
CAoSF0NJSE0wb2dLRUlDQWdJQ0t1WjNMMVFF,2021-04,37.10737007792866,-122.1089499684913
wyFZshbqZgYeS7I9aXNqXA,2025-10,37.10721542328374,-122.1082543723641
nEd8xy3ioQ6ogmBr_-joIA,2025-10,37.10742717438297,-122.1078776253725
O5PAi9xgSZw2TKwSbo-MfA,2025-10,37.10716174259318,-122.1072406105659
opn18H-DCY8l4Vp6ot-QZQ,2025-10,37.10702229628257,-122.1071085270263
cCae_2cTOQvAIld3jRLyTA,2025-10,37.10668123316692,-122.1055388526156
YFpR7jGpOVVi34eIVdcvhA,2025-10,37.10686179141066,-122.1052576071275
CAoSFkNJSE0wb2dLRUlDQWdJRFptY3E0V1E.,2023-09,37.10790175858357,-122.1442748328391
CAoSFkNJSE0wb2dLRUlDQWdJRFptY3FzU1E.,2023-09,37.10770879862744,-122.143958339316
W9mEvcr7f1lPb_sBegRgrw,2025-10,37.10758919482357,-122.1435176034257
PQZ59HXF4mHQzw9SxoZFag,2025-10,37.10818823805316,-122.1139234457723
Cfqucp95-s-wD7R4K-suxQ,2025-10,37.10801619346891,-122.1136573882527
EavLn1H6FY6xiR2yGtqinQ,2025-10,37.10783509096376,-122.1132618539742
Ew7mFj-tPLPx9XD4kLwONQ,2025-10,37.107731315533,-122.1128171795067
OACC7XxO9ajNShMwAkm3zA,2025-10,37.10762208382318,-122.1122659054246
exme2F0geHknJGSjOZ9Wsg,2025-10,37.10766746631084,-122.111688802254
piHv6mJcODHHIh8SEzbUpA,2025-10,37.1077943075685,-122.111087342901
z7xsEPSDd_4xByuXHHf0iA,2025-10,37.10766798760194,-122.1105319866835
m3r7B0r3DbNBeSopL6O2KA,2025-10,37.10770996159942,-122.1099544409251
PVVNpROOnAgtqOpmgbRezg,2025-10,37.10771766679135,-122.109534452982
v5VZKGeUsr6S_5NWc85y1g,2025-10,37.10769307341378,-122.1087073857001
riqMkPF4757MkXm0zHtDbQ,2025-10,37.1077828669061,-122.1082339186848
zw1ODhcqN-U4u905vWdpHg,2025-10,37.10765795642607,-122.1076448337298
vCfCi2qs_pwv1T33QhiOag,2025-10,37.1078767942651,-122.10743041537
xMgJuVjFc0D-Ue9OTM-k8A,2025-10,37.10829905297449,-122.1070144044055
WJg4ZYFLWPYLt2m8duq2Ag,2025-10,37.10792443174083,-122.1056665178917
CAoSF0NJSE0wb2dLRUlDQWdJRFptY3FzcVFF,2023-09,37.10823605703233,-122.1449248849217
tcluOQBazvIvwuXWgw2x0A,2025-10,37.10820643036386,-122.1443976005392
2v3eRVHHgRr-omGZjXJ5fA,2025-10,37.10799251359572,-122.1439851109092
DolNlKjMuqMUkc-t4Woong,2025-10,37.10785958596525,-122.1438225751793
QSwLerG_kae-lzTU1cC12g,2025-10,37.1083815649425,-122.114163330297
REMHjIWms-aAHzJsl3RHfw,2025-10,37.10796752368846,-122.113561711382
wedDn7N0MAm55lJDBcFw1A,2025-10,37.10774885631847,-122.1129285432899
u_eSm_2VZGxvC5gvK6zIyw,2025-10,37.10776400574929,-122.1114993515852
mmKH4dHywGUMhjmADL5Dlw,2025-10,37.10781085752618,-122.1111929885252
2ISwKi7xWeOywScv8beUtQ,2025-10,37.10827965165903,-122.1098149940155
IWBz_rT96R3gPK5GuZYuUA,2025-10,37.10818518876869,-122.1098003473129
Zb4m7X5tFZqRrti_FBcANQ,2025-10,37.10809399804099,-122.1097863072766
ZEfZFrfccxW9g9ZleURpEA,2025-10,37.10782208300358,-122.1087878133525
06uxcmkxQANvj-_MN8rWSA,2025-10,37.10814270880666,-122.108194138001
1ko0cQnzZZ0i2ATJ__76AA,2025-10,37.1083077039048,-122.1080962029219
C-VibLx47Q_DYtWGzf2aVw,2025-10,37.10815543805747,-122.107157928369
vJl4UqZoRk-9QX9CuuMb8Q,2025-10,37.10838025432251,-122.1063889115755
z46tR5MAX87MeZwwL1NTkQ,2025-10,37.10819465200009,-122.1060010643365
5PYVeJzctlNIHsI_0364AA,2025-10,37.10799744686364,-122.1057507612908
4sFk3kQGBb2KzjAgi2gajg,2025-10,37.10832713972355,-122.1450758094212
xspboV73nvsUgBLyjcULEg,2025-10,37.10823179603208,-122.1445137835339
hphMlmaX3RuWaIRz012xSA,2025-10,37.108817989576,-122.1145778404881
XVGuwRS-kSl1LWcAG5JRyw,2025-10,37.10866658959358,-122.1144479324893
F_Y78klxLtzmiK1nJ3nEow,2025-10,37.10844882702603,-122.1142363875086
Qc5Uk6ZcIZJXZMdu6nY5Lw,2025-10,37.108581044494,-122.1098618807839
8r3hgkD8h48N2vp58W2ZKA,2025-10,37.10846955448978,-122.1079845741572
Hjmvptl99fHa8gdYuVIU2Q,2011-05,37.10865648925483,-122.1078709519035
f3AmfocCTW6pycCvOnBxmg,2025-10,37.10843527954218,-122.1068766004207
GTy_ynMl5iq0dIHQv_JO-w,2025-10,37.10850337409516,-122.1066171991103
ei35Efh-M5qOkFWkfT36PA,2025-10,37.10828551828801,-122.106194944795
S7MiWvmkWHyvPVE2T6YthA,2025-10,37.10823999863494,-122.1060980479441
Gd9LUAjPIyg8mg1vhN8cJg,2025-10,37.10829327225699,-122.1448494225926
TvIvuLnUdRXybMl1nDyB-A,2025-10,37.10914972188305,-122.1147946712365
YEAztVDiGveJY-I-FaGltg,2025-10,37.10897768419538,-122.1147007286315
2vsKJiuzpSp92MzJp-3fWA,2025-10,37.10851760282178,-122.1143110046096
A0BDOonGSaF4YV3cLv_q0Q,2025-10,37.10930546456589,-122.1099818276184
zAeT5TdrAoOISljXSr3AzQ,2025-10,37.10903792169685,-122.1099360675701
GjoOAo79GfyVSVT-d7pLJg,2011-05,37.10901338955832,-122.1076480404684
C5nxUZHu_0r_kreylJS1Nw,2025-10,37.10903058664574,-122.1072119231442
nJ0o-1JZbIs_CsrzcZN8pw,2025-10,37.10885270336161,-122.1069448957509
eHG66_YlYMaFvWBS5oNl_A,2025-10,37.10833156862333,-122.1062922749075
PO5BROB3b9suW3OHLWe_5g,2025-10,37.10943767180676,-122.114799351032
YgtDh6WEtnzORNMa8YSJlw,2025-10,37.10952689581939,-122.114767545751
KGRL6Wl3p73IWoc6tYi3dQ,2025-10,37.10957502247124,-122.1100272409805
6XR9uxNkLQSKT2nUthavxQ,2025-10,37.10948578261276,-122.1100138076407
9m87GOKCXybQ6eU2AmvauA,2025-10,37.10909364859592,-122.1075482848524
w0lZzkh67OikgOwySXBxHA,2025-10,37.10908037550474,-122.1073109857193
isubjkVX4l24skE8z37tiQ,2025-10,37.1089129873315,-122.1070308715366
ZCVHiXWLK6O-aQKBoCZYMA,2025-10,37.10988293327856,-122.1146492508226
Ub9ZugFcUpxl2AznTAqkMg,2025-10,37.10997043219656,-122.1146204787032
_z-amvt7Gn24TVbov9wEfQ,2025-10,37.11012391283779,-122.1102943474307
fAzhySjBYKD4Ze3mTfJIAw,2025-10,37.10993128918822,-122.1100723076569
eH4QM9lXTzldPhW3vEFNYg,2025-10,37.10975127753172,-122.1100563609889
CAoSFkNJSE0wb2dLRUlDQWdJQ2FsNkxZVEE.,2021-08,37.11003826331736,-122.1023883413556
UmARoauJvbxsNYMB1GNYaA,2025-10,37.11031797490948,-122.1145054768122
qZvtbLf47sGgAFpZA8aheA,2025-10,37.11040502384775,-122.1144733247922
d_qpCEnySXon6llT7lSlkw,2025-10,37.11049201919976,-122.1144401328046
Ay15b3R746xBjN-qnQa6YQ,2025-10,37.11008124841198,-122.1102036075782
9zf3LRhOsebgWCPfPUFtOw,2025-10,37.11074708406165,-122.1143540762462
qgX_2rkJNYQotrLqV3Pn4A,2025-10,37.11083242962065,-122.1143365702712
-7RNTdNXFZwR3pLOwzuUaQ,2025-10,37.11091733334318,-122.114329290558
CjZYdCGTHkl9mTQEQf7PYw,2025-10,37.11100136445822,-122.1143266039971
2vp8xYZ_T4ScZOuaskAJPA,2025-10,37.11171992655179,-122.1144005277303
hPP6Y9Dr-lJ7z7oTHqitVg,2025-10,37.11131578157804,-122.1143448899429
plv3C1KKb5pFTy2btAzt9w,2025-10,37.11121938008223,-122.1143320637822
Rhhknc23UsMGV8tIdRpt0w,2025-10,37.11180839471034,-122.1144371862569
ccG-9jIbbcCtsOpjAm4O9Q,2025-11,37.11292329143013,-122.115812521994
UWZIkz-vGxDCR5p2Z6CBSA,2025-10,37.11235462332689,-122.1148132170917
VzullqWb413p0HYYKE5-5w,2025-10,37.11213424856416,-122.1146415378154
YF0LQ4294_WSVLss47uENQ,2025-10,37.11196639649305,-122.1145228094336
9P3O92kd1fG3jIkA4NSFmQ,2025-10,37.11287590659973,-122.1124317819336
1bWRIIiGz2hPJxTtIFviAg,2025-11,37.11309599429881,-122.117281087387
R3cF1HBYRl2RitSvLodSQA,2025-11,37.11304770377706,-122.1165968975072
_IBRH2Adu7lz2FwmtC_bxw,2025-11,37.11295163637163,-122.1161575231282
zEKY09_-2y-R40yCgV8iQA,2025-11,37.11287788077246,-122.1155812206924
N74il1AXkbshWzA58x4-VQ,2025-11,37.11263127543517,-122.1151062238486
URUBiYcd4_QQYuzITir1dQ,2025-10,37.11258793341574,-122.1144338063932
HRDQVf0TOqx-ctC5Ke-_ww,2025-10,37.1128067228348,-122.1140703404415
N3FiEFJ8iWC5YIR061G1TA,2025-10,37.11281616393638,-122.1134981867462
Qz2BTIKjOqbCxD9F3_HIVw,2025-10,37.11288698221676,-122.1126879627087
q8eP_prFD00V0UpsQ4C8wQ,2025-11,37.11337447992802,-122.1181793237625
mR-fs2biDmPxVnfgcrAQqQ,2018-09,37.1131796175561,-122.1178266163027
fLsnLRu5QGD1DPmHYC_ExQ,2025-11,37.11307022238923,-122.1167138903839
Q_Q6b8aU6FzGk3eOF3b2VQ,2025-11,37.11297096012152,-122.116271223336
Rjm46bluapT6VjJ6xw0kig,2025-11,37.112901669666,-122.1156959614524
b_NzcSZKX0-MoU8mK9RfCQ,2025-11,37.1128054781002,-122.1153708912035
Ixpe9kSG6V4M6zZi0dQI4g,2025-10,37.11263574354345,-122.1143395168217
rZWKUFvCF2c4wWq0GhJcwQ,2025-10,37.11289100096941,-122.1138879136984
2vGvPnyd7kdPy7Y46mltBg,2025-10,37.11294733328266,-122.1132067355856
A7J75JD_eNTWJhYKYKCI7w,2025-10,37.11295400751766,-122.1128903242924
hUs4lpd-Jjd6m4v-ktCGtg,2025-10,37.11307408704199,-122.1121993467538
r20px4Lgw-S68PPSp6g0NQ,2025-10,37.11316467829162,-122.1121561875938
u4CQV92nrQuxs7XIm-_R1A,2025-11,37.11374772415262,-122.118514351453
dQsXyFT9YJPZnzmy3LVuCA,2025-11,37.11359147995273,-122.1184068931243
acqQpWKjqaQt-f_Cqpzu0w,2011-05,37.11346407392146,-122.1181204814924
8FPBGlUM-9Hnuzz7NnvAmA,2025-10,37.1137814762353,-122.1130651262634
-oDegVzmeKUfjVh-jqyBwA,2025-10,37.113598697887,-122.1127287817139
OP-mUykPNNI7kWT4AYtlpQ,2025-10,37.11342074858809,-122.1123170377089
nLc-Lvf8xtVYiAQmRNLlJw,2019-06,37.11403644922842,-122.1001557130765
LFzIcIRjxav2dZCChurcvQ,2019-06,37.11402182271623,-122.0998103142006
OmL4bUGcyrOM6SUEwqoJcw,2019-06,37.11400727174022,-122.0992542066936
sfSAuxAKBO-HQac1-Zld5A,2025-11,37.11410284627856,-122.1186759720446
yXeCJCUhiqUG5-0twX0Wew,2025-10,37.1140050702498,-122.1184389573142
5laD8ecZ9VShQqfEbh_VOw,2025-10,37.11391800249293,-122.1184100995437
8GAHH2x0SDsVL5BL5uJMBw,2025-10,37.11422576503568,-122.1136457753037
ItLy0ekVSxvm6Qc4dXvsBQ,2025-10,37.11405077017832,-122.1133941899905
nctFlR0j6IfXPjPOz8-cMQ,2025-10,37.11363180583705,-122.1128331257675
qEBQ8oT6oxOS5e1k7XCanw,2025-10,37.11427469628502,-122.1032554994772
Z7Y9kB-P8Z7qG4hjJeS4lQ,2019-06,37.1146001460465,-122.1025005826034
n5yHy1ZEx-Sb2UH0cH_u9A,2019-06,37.11412501034276,-122.1004446858439
VpTr_rzPfluPxcwBSyYwZg,2019-06,37.11405384109119,-122.1003755196669
KfnIraJukf1lhVkW97gXiA,2025-11,37.11477194489228,-122.1193047735046
bgLG2G3eEc5QXQtOhblltQ,2025-11,37.11452239156541,-122.1189616022683
rcIrLG4NbcBZBapdIuWKaw,2025-10,37.11445570139006,-122.1185233640822
pqGMxonQ-ik-Hk1LIK7egQ,2025-10,37.11454760695036,-122.1185198976865
FJRx-MxykNGXiPswpUi-Zg,2025-10,37.11459299930506,-122.1160108046192
8PZU3wA2vc3Q7ld0YEiYew,2025-10,37.11465755135989,-122.1140353283968
qS_Nugm8ABoJ9bB8wE0bSg,2025-10,37.11450289652171,-122.113917465985
095rG1uTLoh09ubpIhaGOw,2025-10,37.11445857939153,-122.10323937846
J7jswAhv5Ypi-TY4NBpttw,2019-06,37.11462831487102,-122.1025999095102
WochZtFKB24UaW9i1AHP6A,2019-06,37.11464290629996,-122.1021701856398
r7itgXFCB-YpwVTpVh7V7A,2019-06,37.11450399021088,-122.1005287599595
BPj0seDrgubyegu1-yQy5g,2019-06,37.11441177411651,-122.1005030176857
8Rjbdk5QnYR1gThZ03GIKw,2025-11,37.11512421681574,-122.1198264610234
JyGlBc0VQXhrhT_aURdfRQ,2025-11,37.11494463320224,-122.1195728969394
RFEm3X8oafnW8FKlbp7yjA,2025-11,37.11470938740243,-122.1192084083584
Mevm29QD1wtycTFMS4NBvg,2025-10,37.11491594212345,-122.1185591546117
mAQBQVE-1EDejtl0yF0fSg,2025-10,37.11486233704357,-122.1160086380715
6wWyFfDE8AkWlLv3ucxitQ,2025-10,37.11495284302372,-122.1160066448475
HNI4MDZEd6VEJ66rrBTvUQ,2025-10,37.11534835301129,-122.1150979908982
y7FPqgHHfr7X8GJIt2nO9w,2025-10,37.11500842564969,-122.1142553667761
uxe3ciM_jHGJQLeLck1O_w,2025-10,37.11481145443997,-122.1141362046531
0k2FpRQHK-E7hpAFpZGONA,2025-10,37.11477504298647,-122.1030565867591
nzjQ3wz13kcETDE6kqJzhA,2025-10,37.11500217040832,-122.1028679876961
Z0t0kB4yOySXhTGClnmCQQ,2019-06,37.11480914925031,-122.1019270676077
tTRNmRjx447ZeZ31x4LR7w,2019-06,37.11509348454546,-122.1014456836257
tpErf740u_3v_TEWhMSmog,2019-06,37.11493697843365,-122.1009090861737
-rG4aBSJvLib65BHMnGckQ,2019-06,37.11470743593038,-122.1006419565522
numWmHOmMLqKPuhuVQWNTQ,2025-11,37.11574603475297,-122.1202860985705
WwdKWmZth0eZMBWtSlnhqQ,2025-11,37.11541355595365,-122.1201087085196
XfoFjYs3nBk0xEUuGZTXXg,2025-10,37.11527564211225,-122.1185734534883
QKCA3fjnK_AQf5aAHdiP8A,2025-10,37.11536284142348,-122.1185395694808
nnyHZmEzatI9tsC4-RykBw,2025-10,37.11553046836359,-122.1184798608076
1nIUImqENs7QXVmi53eyFw,2025-10,37.11522932565303,-122.1159985852896
C0gScN11bxwbt5aKx12pug,2025-10,37.1153572677273,-122.1155761942817
S-B4kucuTpGBHXaP3PPYSQ,2025-10,37.11533668548549,-122.1144458525734
92Lk5FCW66JnNwTfNN2few,2025-10,37.11517770850141,-122.1143578894285
CQ5GUrjpcD26FjwpPHYLhA,2025-10,37.11542276891532,-122.1027537533612
LdmqgE4EQCJRAe1QI9NNNA,2025-10,37.11533177771737,-122.1027410124984
BbuRDJGjZCYXI9Sc79QWDQ,2019-06,37.11505203855037,-122.1017317927287
0P7MszwOgx1sC05wR5gJSQ,2019-06,37.11509718093403,-122.1015625195458
FysSw_MwJGZe7L_LCiD2nw,2019-06,37.11501943279973,-122.1011210905891
hL8oSQNKFDp10fhcKMyGKg,2025-11,37.11602392222629,-122.1203366204516
pc_0EPqExrtURKbwLy6pIg,2025-11,37.1158451846052,-122.1203082831387
vNU9Aggd7Dtm8pZ-VunTLA,2025-10,37.11625023265185,-122.1195898821119
9eNysEnpwZOVHTnh8n1S1w,2025-10,37.11583920463595,-122.1184900866785
cAEVIjA4Zo5WQ6V3_dJ9sg,2025-10,37.1157164018037,-122.1184770876898
YPpR0zUxZ1HRzZ7HedhKjQ,2025-10,37.11534441455493,-122.1158234414138
H5rl3C3xNGhU0-HliJYTCg,2025-10,37.11586332536004,-122.1146794962049
r206R9z6oRt_dkEIp8PfwA,2025-10,37.11577183536623,-122.1146448310096
9_WTuTDkri1ETpghu4J4ng,2025-10,37.1156769675864,-122.1146086925316
ll5F8poomomp93ooVGwWrw,2025-10,37.11587488228393,-122.102827598332
JZ9jRhGBQxE67cBylR-AWw,2025-10,37.11578423058634,-122.1028125173209
4ccYQYB2qk-BK9lKL_fbeQ,2025-10,37.11560455541225,-122.1027830486725
aGxt_c_IamW1ZDe0M7gy8Q,2023-05,37.11630221898306,-122.1203760500337
O33sItRd_zCJQxYXlRW-PA,2025-10,37.11621376575136,-122.1201529910657
wPohalBqlugTkh1CneHc4g,2025-10,37.11628297834231,-122.1190200974425
anc4FpecLHop9DCRZcf6fw,2025-10,37.11620091461174,-122.1185320300711
NORT5dJZYdalBp18bpHjKQ,2025-10,37.11592910621098,-122.1184964128524
t7nqA_2BgOT5_Kbe4AhIGg,2025-10,37.11622517584378,-122.1147477866072
U4LOdwrEvnd8HnFMfNiY3Q,2025-10,37.11631618605544,-122.1147297607184
LUR8Q28QldZOEwPHkbTtMg,2025-10,37.11649824481823,-122.1029880289576
QtVoEjz9fl0gPcNdwqUaNg,2025-10,37.11631917667212,-122.1029295251103
jzKnSwBzlzA__20NCw8h7g,2025-10,37.116231228014,-122.1029025699937
2fOE5LBpM_Ol7HsoQnT_sg,2025-10,37.11596623289939,-122.1028432860481
4PNJzMk_GcMn25No6w-_oA,2020-12,37.11688231394652,-122.120453262646
oYGaPHfVXV4yT-xLfOhWEA,2021-07,37.11678812517766,-122.1204406971854
izMRcznyuLbISjYjv8Qamw,2021-07,37.11665378116365,-122.1204228455629
nQV8yLNwRYtbiMMGT6mpAw,2025-10,37.11623259786502,-122.1198164085967
xNvnI8lhQuJbloGX9QOp1Q,2025-10,37.11678968351125,-122.1188506779993
KrYdnkTUqsa-EYamx7Q5yQ,2025-10,37.11663656476742,-122.1187341207345
_Gy_R2Swoh-cBhDsiLq_qg,2025-10,37.1165770897234,-122.1146272384187
NlmFmJTEym0FO0YOpcPwsg,2025-10,37.11675004816279,-122.1145527948621
1NnOu-Ht5Q0fVaifGRWmJQ,2025-10,37.11675758973935,-122.103074787938
3wyxnOiOdkpjGLna6yPypQ,2025-10,37.11666851407146,-122.1030440192766
okpavnl9u-s6NNH1eiDyYA,2025-10,37.11640940673608,-122.1029589070464
WV-uLE38r3fjZnDaBiO3LQ,2025-10,37.11753857253138,-122.1217676884161
dRyv9D65ekXjk1ec6ZsWpw,2011-05,37.11745562455465,-122.1216707188651
_g7QtbO91kZ60a48A2oAXQ,2011-05,37.11748494260443,-122.1213130833166
6mVbxwCJNaubHNR9TfMSDg,2020-12,37.11715346877678,-122.1204893125112
ZAod93XjxQFO7MwEPjdzaQ,2025-10,37.11731947241092,-122.1193540826154
eNJ8y0PihgqZ4i_rBQ2tbQ,2025-10,37.11709589266302,-122.1191383875868
MnlXRqFz8jdKQPAEFSHt6A,2025-10,37.11725464549566,-122.114846235639
wfSjxpnOrX2IeTOxhoSZDw,2025-10,37.11711668494585,-122.1145314757433
a35aAzQM7BIUa_2i7t59CA,2025-10,37.11774253683333,-122.1064618873699
eVkWaE39_4MjUGHBnEG2mQ,2025-10,37.11721661715229,-122.1031364119069
lkJnuYWfkK8xex0Lgbxcaw,2025-10,37.11712827661901,-122.1031402254847
O4TfWXJXZO9SD1LXmv_84w,2025-10,37.11764127782704,-122.1217832000699
5bWC-f2n6aTi14sxIKzV5w,2011-05,37.11751008141847,-122.1211941022913
lfYrcnUApKEqkbmY5O-_zQ,2011-05,37.11755599454415,-122.1206688683915
WlxvI8ZtTmdaLCR5BIXSIQ,2011-05,37.11759746149924,-122.1201048088816
TzJM17y-Hl-mhBV48y2Y8g,2011-05,37.11757309840521,-122.1196428307704
TUz9hU1EiikPGPdvRGx9Yg,2011-05,37.11781495118759,-122.1193619686047
NWxTfrZhEsCq7DEggIueFQ,2025-10,37.11780892742998,-122.1153594517635
wwKgjkdPZlElAsYLv4fQyA,2025-10,37.11759072853697,-122.1151575281147
Iios8L4v3V-mX6uXTbgitA,2019-06,37.11752174509623,-122.1147640792348
zyHlkedYcz6FBWxdMvoa0Q,2025-10,37.11757792126279,-122.1030890021899
HbEGLPcnZC02C26zRlinKg,2025-10,37.11766834451313,-122.1030736611985
tIF9IHVzwYb2gaJNYwoMCg,2025-10,37.1181027583839,-122.1218456799489
bqW_gz4x5zc1Wda1cuNtTQ,2025-10,37.11844912523482,-122.1214237450849
hD_BIW0pYQa9q_RVTz2DVQ,2025-11,37.11808922804337,-122.1206145337044
gYrCB1lUu1DLAAubPrx3Ng,2014-01,37.11802189981934,-122.1206055212497
q1MXTuz5PskNqrl0r2JA7A,2011-05,37.11812309378984,-122.1194035650221
SICPQuOc3TqfHfYMw7hy4g,2011-05,37.11802346030947,-122.1193900461882
tn4Q_4ossfmFSIVWa2FvUA,2025-10,37.11831395776073,-122.1158480534353
zjnBcIF7SWNCle6cBeDJvQ,2025-10,37.11810060852559,-122.115633738004
BFxw8ay08yBvaP4S_FtkrA,2025-10,37.11811320698719,-122.1150011020245
U7h9WaXDwgrufG5xutI3Zw,2025-10,37.1182282953216,-122.1141461709448
pOHD-ZBU2YgvjC2Ozmh_Iw,2025-10,37.11820225339676,-122.1139235324358
ifGw-jF4Uxm0QqFrQt0C4w,2025-10,37.11835179856011,-122.1134962801399
V2BEAHNu5_Nvf8ugQyIZHw,2025-10,37.11844200962453,-122.1129322698581
lwh66Kuz7h4BftjQRtRLvA,2025-10,37.11803986818468,-122.1064646607958
mhybV4-jpnQ796IIOggYTQ,2025-10,37.11812724526123,-122.1064559938396
_3O0HM-DH4esnVTtLjOiqQ,2025-10,37.11827305432409,-122.1031643203594
ZZJ7niXEnHRjSpGmGorKNQ,2025-10,37.11812264664677,-122.1030503463542
2SCIqhW33FXsp8zSvEk4qw,2025-10,37.11803414607823,-122.1030254714032
E0_E8cvQesOUaNYVEaAf9w,2025-10,37.11861120800658,-122.1219117993931
9okEEyrJvefpS8p-lt88bg,2025-10,37.11851363345152,-122.1218958544718
_v7Hz2XUsJrvZ5yiUXzJjQ,2025-10,37.11848504742258,-122.1212084874769
hT7b5Wajxd0ViwapNqeCSw,2025-10,37.11854414580472,-122.1207566530834
IxzS7VgZlzHQKNUdWramqg,2011-05,37.11858390057726,-122.1201749156856
KMvzFoDyHbCMn87O9KhSPA,2011-05,37.11859089157501,-122.1194969835845
zqND8Zn3dzaAC2iWP9twgQ,2011-05,37.1184248187833,-122.1194449881052
q-ca1xwUnVqVa1UBnILZsQ,2025-10,37.11872915924265,-122.1164505262408
Jri3eJng7qHn2dr9y1jsUQ,2025-10,37.11856058181409,-122.1161790152498
pv6-wtqnjTMH5w1vM1gLMw,2025-10,37.11845184001501,-122.1151659343857
JLCjADS2oSk1hAPOq3wITw,2025-10,37.11849520729329,-122.11414859752
xFHArq3MUG11s9dHcErC0A,2025-10,37.11840278651652,-122.1132726869875
-Is5Ks2BesmBX222yJ3joA,2019-06,37.11847456761646,-122.1128003665987
92vXyi0O1hd8vicdo7bODg,2019-06,37.11867558908079,-122.1123985893192
ctVCBhJQ1sknNb8gPqlJlw,2025-10,37.11830346015894,-122.106413612414
PvoWycrlmAM0OKlZGiAxsg,2025-10,37.1183839375305,-122.1063788578993
Fhv8yILe0h71cZyrwuvW1w,2025-10,37.11859173972944,-122.106171717293
Y4Lej7qutFXTCXH0hcAk2Q,2025-10,37.11857715963657,-122.1034276301878
c-ds4hhv8zV28xtT--qaSQ,2025-10,37.11841078465166,-122.1033132230995
C2Rxm-bZW4VyAseql0wHsA,2025-10,37.11898106767773,-122.1219656134849
QOKy-iJYCh1kWMBcGQW4JA,2025-10,37.11900826218348,-122.120733515368
97KGMyMfRIxG030-Vnt5OQ,2025-10,37.11891723818463,-122.1207221631537
pCY4_02wWs0D_vVMHIyIyA,2011-05,37.11859249378627,-122.1200486540788
GuQHvZHF2PeBUW-ubLaMEA,2011-05,37.1186155935076,-122.1196436973604
cwN5lq__z5MbGtXt4yWbaQ,2025-10,37.11901398015826,-122.1167216899045
EjWhe5uQAZR-FyTqVZYZiQ,2025-10,37.11882742660249,-122.1152694961245
EPdy57PtPreO7ZFDjmralw,2025-10,37.11898652093084,-122.1151616012564
3tp5pbuAzeiG09nwvsyGaA,2025-10,37.11903443330247,-122.1142657663733
h4iSZziclZnvQxYWORL-jg,2025-10,37.11886508188088,-122.1141737299031
S5wHY9i1rZLQhMw6DRGjQw,2025-10,37.11892257802447,-122.1133992165026
Wk6H3cT_xznI3r0iFqzwPg,2011-05,37.11919232454657,-122.1131211113665
-rhnGuOKKXcSCjVBxchsig,2019-06,37.11889899501533,-122.1121118151062
nNfhZBlE2YpcIQ0_Z7bInA,2011-05,37.11911540560697,-122.1118917723641
y8a2rmmG2nmCBLS2EEdJpQ,2011-05,37.11930588613794,-122.1117203484447
0cIRKX1vI3Si61YeGbH7IQ,2025-10,37.11943220409148,-122.1066820278289
65yeHjTZzPJodAlgOyETUw,2025-10,37.11888693074857,-122.1059003538317
LMQuDp1zBTepPXkCigQ0cg,2025-10,37.11904963011769,-122.1057909762236
yo-1rugnEqu97Tvm1sABPg,2025-10,37.11901428896209,-122.1036184817432
qT7I3rSW34AyNiEqJQ9o_Q,2025-10,37.11883524395763,-122.1035438572651
M5RtOhEiuAevmcP2hLbVZw,2025-10,37.1194261111526,-122.1220350258247
P73PkpqjT7a0x2uFO23dVA,2025-10,37.11944746276872,-122.1218220225232
PNYPRGZAM2dSIwn42OZkOw,2025-10,37.1194808977608,-122.121268541273
jKwpEWu_tsDfHDQosQ4HcA,2025-10,37.11938222864732,-122.1207803107424
M0xOKq_Sulc0FKpUoVI2cA,2025-10,37.11956302983283,-122.1201219672878
mspB2go5Hia2PHjxK939-A,2025-10,37.11958081460989,-122.1195499322885
KLaxvpso4eFoUMA8GNrKrw,2025-10,37.11986793327075,-122.1170586286575
6tc-leWc1EQ4z9OOEhravQ,2025-10,37.11954135436266,-122.1168566215219
M-SNyhEARpJbyU-iMu4zFA,2025-10,37.11936264698048,-122.1168167573493
Mh6WoxLGpLLneA6ACjUEWA,2025-10,37.11944329402581,-122.1152251249147
c6ZZyNg35QufVEQ2FiDE7w,2025-10,37.11930370317588,-122.1145687408669
ashER0-Dr3Hwrpbs4X_COQ,2025-10,37.11941786480487,-122.113830542374
u92bfQ6Sud4NRDoFn7KzhA,2011-05,37.11940979428123,-122.1128703048121
CN76982YLgFkjmM_IVA-mA,2011-05,37.11978682441989,-122.1123754498143
Wx5ybo6IvfavQoE-pxLdPQ,2011-05,37.11937137819837,-122.1116480695215
EHUxsr9VDftG6Wl9nln09g,2011-05,37.11954627406909,-122.1113863396834
86BXNB2GqnDM99jNNxrjTQ,2025-10,37.11978983801108,-122.1102599408289
V41o1MSaKSHih96eW_Nqow,2025-10,37.1196296186305,-122.1099158742092
zDAW8PbDDKAfl68BPVJ7Zg,2025-10,37.11959874722479,-122.1066480534251
v32gXwAx7oKZ8IseUx_qLg,2025-10,37.11930051964134,-122.1056522173082
Qnt0SrlHJ-MPmpP4nTZeAg,2025-10,37.11944123190356,-122.1055048778528
jtZLPKEdGlD138jPBcrqeQ,2025-10,37.11967813376135,-122.1050581780657
etcCB_rpLPeqfADdmt8uow,2025-10,37.11952412345736,-122.1039278997623
sHKp5aXARDvfgiJ4oCJ0uw,2025-10,37.11936277130079,-122.1038175667719
B0Ct_7OXUx4mY8F3YQATRQ,2025-10,37.11987915052381,-122.1220886665411
Ci4KaB-ZtlW8T9kj_cBjbw,2025-10,37.11986829831404,-122.120841664647
BZnDzBG0PmgiFxpouNthSQ,2011-05,37.12040637209417,-122.1176017321985
GwD9wl-afCmGwFhnzJug_g,2011-05,37.12014500267293,-122.1173931398577
GfGPRm6vfSipivgl3MxqCw,2011-05,37.11993905998509,-122.1171487561294
Wffp46Z8eoeORPgB_MbClQ,2025-10,37.11979507997279,-122.1169817602639
S_3Xbwvqcfl-fTD3qPgROw,2025-10,37.11957694849913,-122.1150286607648
nQegnY-SxE3SUztGdZDHvg,2025-10,37.1196057179532,-122.1138411153394
pDtbP9rxj6_f24uLujxKAg,2011-05,37.11966662713571,-122.1126595367257
Cy7SUBCoh6K5Rsrzp3Y4Pw,2011-05,37.11980449423844,-122.1122519523733
Qcsa7KaVzdIAQ5TjNPhqOw,2011-05,37.11986930922508,-122.1116018768511
d0xfiLHrfkbcWzJ5Pf_eRw,2025-10,37.11995611224268,-122.1113086005995
28JmEDQ-8K6MXgh_HZkhVA,2025-10,37.11987678857779,-122.1103597806104
WSNQ2IzO_7tBddnRAvbURQ,2025-10,37.1196855478408,-122.1100476076539
qMjHD-KlOZsFDWb9DxwNiw,2025-10,37.12027056619532,-122.1087624197143
pbBdhHyd_uJR3SwGtzSG-Q,2025-10,37.12061340199212,-122.107826664326
MTtA-gt_Q6wDx1ovZ0PWxA,2025-10,37.11979369931831,-122.1066059320831
qvn-GzP0EcNr7w2swcSWWw,2025-10,37.11988212917695,-122.1065806246022
_bodUfzDi8oEUerBALcqUw,2025-10,37.11992805851605,-122.1052683542721
2hRYUxlXVqO_cPjCC-aHyA,2025-10,37.11975168892125,-122.104860568724
DkoYDVE14f0m-t42CMrjZg,2025-10,37.1198817313978,-122.1043076073324
y_hBPh6PNhnneOTiwdcwUQ,2025-10,37.11989041726459,-122.1040540935239
n_SxadqJ_KCXgShCNeAkqg,2025-10,37.11909758687943,-122.1036564440016
yYJC46pMsbBoByIHnilBRQ,2025-10,37.12032449423735,-122.122141007376
HgwFmwQGMr5NJn758O95VQ,2025-10,37.12043334491976,-122.1218481063512
ubj3Ulr0hyaw3ObVMPJf3w,2025-10,37.12048917158937,-122.1212961850727
7HaUhtJXVGOHeAJp_i1CdA,2025-10,37.12032189915526,-122.1208992922234
YyUIlf9Y-FMvoUfcUHMygw,2025-10,37.12057690829992,-122.1202388696895
hBszyQLwRO9QDb5BqBAOjg,2025-10,37.12063047627927,-122.1197778453993
Knl3KzxsEACg6FPHF64mwg,2025-10,37.12090722542176,-122.1180176157678
B2MI1RppxFU8G19u0_bwRQ,2025-10,37.12074640583839,-122.1179158765303
XrGlZUMHrWHWdXMMZ9r3oA,2011-05,37.1202302852107,-122.1174670614936
L1kENwdAN11-X24JSoFujA,2011-05,37.11999976831748,-122.1172251910995
1DdehLzhAOSX9dudITafxQ,2025-10,37.12003255088315,-122.1112582478297
l6ivOcPhbe6tyZ407rhO8w,2025-10,37.12014045402962,-122.1110703563923
WCXof3HWfxmBwDbUNnxdQw,2011-05,37.12031627869177,-122.1104676802705
iRWh-61hbj3Ghzd-RrVZTQ,2025-10,37.1202689053839,-122.1099692609404
lEcWliy34etQDmgxL4ESVA,2025-10,37.12052269545578,-122.1095039461591
DohX3AQ8wgq2fDNZRx-lSg,2025-10,37.12028377812756,-122.1088678942745
uDnGDt47kcpq4JncuI1CpQ,2025-10,37.12045010158018,-122.1083509206112
llHC0yXnyOXWyvJqhm6pYw,2025-10,37.12028110385972,-122.1066555069942
EbIYJDpn_uUf-g_dz34tVg,2025-10,37.12069633489772,-122.106117548659
XN9VijT7nNJ8E-iX_WZr9Q,2025-10,37.12028523816961,-122.1051873173089
MsyMbTZJy92n0JIVi-jx9g,2025-10,37.12037709188836,-122.1051623561786
LIvFUOR7R-PMajbEMEed5Q,2025-10,37.12033916692184,-122.1041482187201
wya6ObMmH-CShSNnRkccQw,2025-10,37.12024823076176,-122.1041202238499
mUP0C1pJR7rDDaC0SBBMIg,2025-10,37.12155503240808,-122.1249778600164
rO4yuf8zs2hRALvtkldMcg,2025-10,37.12076620298058,-122.1222012339675
fTuwTvpsmqX-L-hhgZW4LQ,2025-10,37.12082146122172,-122.1209619459295
iX-n3vCNitC3ttnqBIeNQg,2025-10,37.12073219875092,-122.1209508537131
h_CeU1L3EpGAMTEEqzDpqA,2025-10,37.12059120215386,-122.1201156412091
1nmhjc02ZE_Q133G-RWoPQ,2011-05,37.12052547095332,-122.1177058115666
FwzO-8VYJknkF3eJ4shhlQ,2011-05,37.12031503455807,-122.1175317970464
w9u0cfv3JPzsjfVlj2_utg,2011-05,37.12078154050445,-122.1106710860038
aFbledAgprMXOvawRY4O0g,2025-10,37.12042334220811,-122.1096971270032
n8polLjw7O1wSMz2xjwC9Q,2025-10,37.12055806983557,-122.1093388451641
uxdCV9Gq_UZTNU_8DuyBVA,2025-10,37.12049507962411,-122.1091309302193
zzZSiQRuxRLiXVsTfB4tQw,2025-10,37.12052231767441,-122.1081417037441
VEV3nkVH4U4cLORGIS-9pQ,2025-10,37.12070637191252,-122.107637813572
RSEZL72cHUOG6-7qWt5zvg,2025-10,37.12081370546398,-122.1071007268122
5OZa9C5BvZzNxWmigcUI9Q,2025-10,37.12065130186832,-122.1065586105559
x3uaBjSbo5YcjhZKW52A2A,2025-10,37.12070762287932,-122.1060044444637
VDDeM1ddfE4oWLDThtfIKQ,2025-10,37.12072600009051,-122.1054303413459
L83smK2WA3qKaWtrxwefWQ,2025-10,37.12060116210859,-122.1052550936822
fvoDytS6PZLMQGM_wuZCxQ,2025-10,37.1207820120658,-122.1043110741838
Hgre8kXjOHc-x4xbpduhOw,2025-10,37.12061469174976,-122.1042400037082
srOrwcAfZfpMuGASBfE7wA,2025-10,37.12157135761322,-122.1247503911518
aUsR_9eyj5-DzUveO9XQDg,2025-10,37.12162352494737,-122.1241659022909
tdvp4HvAQX6A6NQpTnrxTw,2025-10,37.12161596600605,-122.1234698841497
kxUXz30d8BVX1PjThwpsFQ,2014-01,37.12162006912219,-122.1229680585264
uHQB9__vxNzqghzdXG9NFg,2011-05,37.12123223194762,-122.1222541813462
Vml5MxMX5C6CgZo0zsh68g,2025-10,37.12127544614549,-122.1210221731784
-jkf4VOxCf4MmiskahZ2mg,2025-10,37.12118571412282,-122.1210075279944
sZJs_d5IBnp60cXpHzrqng,2025-10,37.12061647985026,-122.1198983878425
t0y-obKwuyzzBUyVSyXqiQ,2025-10,37.12164340227093,-122.1188589106638
at0SpcwvD9dIwdE7Md2pGQ,2025-10,37.12134843617633,-122.1183004746096
Xum1mKfcFDyZiCqW-0N95g,2025-10,37.12110316877239,-122.1181008962819
GxlibUil-1BpUF62GvClew,2025-10,37.12117726156382,-122.1106225529279
KazmYOCiaDlboJnYmb9FIA,2025-10,37.1212644434358,-122.1105906597519
rusIEpl4Ztz-oqFHr0YbuA,2025-10,37.12082393878573,-122.1074466224315
bs-Ok9N7XFC0o4k0YhMD8Q,2025-10,37.12084281180481,-122.1072105364408
Vbh6BZi490097e9MeLIAXw,2025-10,37.12067460832882,-122.1063428899982
P5lG462qKm4cy12p6pZi4Q,2025-10,37.12071691096865,-122.1058921201804
eCBZjlPr_jTQ2ZNH3RGNNA,2025-10,37.12103178798574,-122.104505911053
pco78LvglXzmPrzW3iwejQ,2025-10,37.12086718798076,-122.1043608234889
YIZzxlECMinidV4FldzOHg,2025-10,37.1215796093125,-122.1246333203227
Zniu3cllzOI3x2OdYycncw,2025-10,37.12163161666058,-122.1240532502566
rCO8e06E5hDXeQ_gAUJBtg,2025-10,37.12161854486316,-122.1235781173449
2XMZEbd37ucob4NSHzN1Ow,2014-01,37.12159837964064,-122.1224973403329
STZA8_oxkQ5yN9XtI223lw,2011-05,37.12172312097098,-122.1219713328555
ktLHopMwl9IAM_qm3OZaaw,2021-12,37.121688495617,-122.1211312754043
CrcEq7NP302_HLbNWh3REQ,2021-12,37.1215972893512,-122.1211042381672
tL23OuOasuFZRD3nCY4aXQ,2025-10,37.12181022547563,-122.1193855399099
D1czbPJuMb3ILUNFcDfcXw,2025-10,37.1216599411284,-122.1189601290561
VZYLxlQvuzzGNsDWwRsNmg,2025-10,37.12153601838513,-122.1185574214145
0mwV-LXoDWCa-ywoSSN_Rw,2025-10,37.12204711711116,-122.110505813458
4dzlsicyIFmerm5LANKk5Q,2025-10,37.12161131520168,-122.110371133913
VZExkbQLnuAAHUvpQ-UPRg,2025-10,37.12169838168408,-122.1103566606186
sUzWy0ibK_XhozVCgZlnlg,2025-10,37.12258096404394,-122.1257870387069
g6dxRW7JbArN85MhXSeKTQ,2025-10,37.1221423372773,-122.1238100947727
BaCSiL9LNiHminNsm4QpWQ,2025-10,37.12205214705731,-122.1237826249277
_vhDEigOhhR1s-RQnIUTEg,2014-01,37.12214050790139,-122.1229034128871
nzySq_ls3C60qL5r0dyn0A,2011-05,37.12217344755832,-122.1220579899472
A0haD7mDCiuS21YWCnTqBQ,2011-05,37.12208000774412,-122.1220261868026
a2oDeHvbh-NlZTjsWxyZlg,2021-12,37.1221106236201,-122.1212584889804
eGklSpEjWmHYiel5i9St-w,2023-05,37.12201661296506,-122.1212295453053
GIZT-xSz9j7EBbU7QRSXeA,2025-10,37.12229036026257,-122.1197312229085
jm7K_ks8_gZXt0N2AIahAQ,2025-10,37.12212657210269,-122.1196300918975
DIiqG2ucrQcduA00aTYV7Q,2025-10,37.12175434927413,-122.1192926412068
yAwMjktt62XwgiqFXAhxpA,2025-10,37.12228687773711,-122.1106733393246
uLeExQtSLxYkM5IutF-XDQ,2025-10,37.12212616748326,-122.1105614532211
We0IKl7fVAnTSz6epdv4KQ,2025-10,37.12195271074394,-122.1104409003649
gElZMmIyeotaOQWUOZwpwQ,2025-10,37.12267032554652,-122.1261682292659
S269Wn38iHBHoKSC8UZIxw,2025-10,37.12258152808432,-122.1239498702478
5A3SK_R7FgKSP_kbgcVbsw,2025-10,37.12249517572567,-122.1239216205384
dda8W0eK0kLCVGVWOy-AKQ,2025-10,37.12253099639728,-122.1230470024113
Y2X_xfAtQmvruv9PdDHWAg,2011-05,37.12263843116953,-122.1222136259095
UMeQh57lo_hqAuodbMUvtQ,2011-05,37.12245422813469,-122.1221535726389
TQcZDsP_6h7TVkLs-EyO9Q,2023-05,37.12255721272536,-122.1213976611544
kBqF8AkHSE1WQ1LF4dfTww,2023-05,37.12237733630391,-122.1213405537897
3AhXFe_mg8I86gIAKGuJpg,2025-10,37.12261257483747,-122.1199407639822
1_X0Ti1PQfkNJXlgCeq2xA,2025-10,37.12244957545069,-122.1198394598497
G9M_z9NA7yIzM-UJX6VxqA,2025-10,37.12296249096988,-122.1141315248288
--xA8u0Oox8S_AvkhuDvcg,2025-10,37.12291720955596,-122.1139020398657
UZGERn8p2dbqVl--HRTfdQ,2025-10,37.12263012064702,-122.1108211917363
dTQDIcv-kVPjGCrR4yNkOw,2025-10,37.1225436472144,-122.1107884319579
v9JqStjuIrreIKf_ELRTTA,2025-10,37.12320186096274,-122.1265676157028
6xZvnVhDtxFKsD3-TGoc7w,2025-10,37.12295863753473,-122.1264212579459
Mw50T6Z47vwugm9oY2f0Vw,2025-10,37.12261877967096,-122.125969098744
wJAYNFanm77ddhATlTCvWA,2025-10,37.12316442184407,-122.1241379992595
HeMyYoAg8QE8H8rSBdz15A,2025-10,37.12298184608098,-122.1240776870925
Ou5fszalH39-Mn_RjJfz5A,2025-10,37.12298046016146,-122.1235145119415
t5Ke-DietL7xy0b0JbqfkA,2025-10,37.1230861508724,-122.1230073138353
8SQcL1L7jrRqHA-jfQmD9Q,2025-10,37.12302415344716,-122.1223250666668
G2wTledLSiskQSRVYld09w,2025-10,37.12309066840766,-122.1215675098909
h-YSoiyo5Z6hBBCFDyezmw,2025-10,37.12299821306027,-122.1215380463537
mngN9TBMHS77SoVyFWG9qA,2025-10,37.12349909914645,-122.1209641990358
8yEt7Oyp39Q_P2PeeTe8cw,2025-10,37.12305221009451,-122.1200217032294
lwH-3h3_YChqHZbL1xltew,2025-10,37.12296254191693,-122.1200126907252
esgbi9EZvwxMaOSIgzZnHg,2025-10,37.12333227844129,-122.1151908932071
SAN4yF7kldyEZRKr1kPmfQ,2025-10,37.12322186507863,-122.1149962489122
GQUsujORJvomMqMENiPTPQ,2025-10,37.12311378308034,-122.1144183803476
MIA6Xz7wBOuTXtYLbhPuBQ,2025-10,37.12307092759152,-122.1134682876892
obkDimObMC4DkjohoOwOuw,2025-10,37.1232760166946,-122.1129676289173
N_onelA57gl91ZqRILP_hA,2025-10,37.12346938674363,-122.1125802385934
QYRDLxHRCpjX1MNyzFcKsw,2025-10,37.12289771323325,-122.1108373982896
fgTWSsOD8C5jUQFnrlLkSw,2025-10,37.12313540448037,-122.1106824392737
y8dILPFgWpu7NeCzwBLz-g,2025-10,37.12351752642883,-122.1274315470287
3Be4PXDFxb-37Kn9ziJ7Aw,2025-10,37.12345717581721,-122.1266464703031
OBg38IsEJpuhSpVfRzOTig,2025-10,37.12312032622658,-122.1265185698455
cNXP1TtE_DMbmGrtxCj2Eg,2014-01,37.12358693617382,-122.1242782075866
b-oEaSAGFgMkB8hio245vA,2025-10,37.12342756681025,-122.1242252612002
_Y_kS-WQ-6BtuyvuBLSa3Q,2025-10,37.1235073823265,-122.1233476125713
3_OQ45X5i-Od06d0YBPa8A,2025-10,37.12341686739602,-122.1233192760483
H97KnoMngpLpWiBGlopWEQ,2025-10,37.12342942426699,-122.1224503723888
52iwGgt9SR3wt20je6SGLQ,2025-10,37.12352707851262,-122.1216980159325
iG-LIjXMfc4g-frE6vQFgQ,2025-10,37.12342927282408,-122.1213040709202
zbgBho4BheDeIKufnbQcAA,2025-10,37.12356539974714,-122.1208768478026
YKwO2CIVqmmdXcPuMQymFA,2025-10,37.12340445302027,-122.1199899861441
BeRP4UxJ7BRXRCxpnCZhDg,2025-10,37.1236302898378,-122.1198424062501
lDv7a46Z6KdY2UZGmchTdA,2025-10,37.12377096205946,-122.1197100781291
bYkL0e1xxPiyZH0Z8QbSMw,2025-10,37.12345765433955,-122.1153554652917
kWlwkLfnFcIGdf_2JAn-mQ,2025-10,37.1235376165622,-122.1154180355498
l_lbN3_N0aYh0nMDun6i9w,2025-10,37.12316202067185,-122.1145061701171
BVTTg7MhxI3xv1gUvHRTJQ,2025-10,37.12316795606544,-122.1132701737285
BbUtNwlE4UAh8ywGq1oAtg,2025-10,37.12335844282595,-122.1127631008656
vZi1_1w7PfXlrKLUpG2IVA,2025-10,37.1236057994396,-122.1124323019222
NefEKmJ7_1TyZwxrpjgj8w,2025-10,37.12367124369297,-122.1116132300233
V1R6jS4oDUnqAOGHoCoFFg,2025-10,37.12358040466066,-122.1110599564877
UoxfaA3Dad8-64jC28ty-A,2025-10,37.12340641261528,-122.1106116329829
Wa_DrD71PjHdJsYdbFq4xA,2025-10,37.12449680635579,-122.1295859727344
Q1hc7kSXsfWUiYdT99MtVA,2025-10,37.1244549398496,-122.1291586090782
hFLDT5ammIWFdzZzmyQ3nA,2025-10,37.12436126965763,-122.1285055158105
nypvwAETZcEtJxRGiIztbQ,2011-05,37.12434195214376,-122.1280446134601
IrvZlwZ3qcrydcUthKAaJA,2025-10,37.12361464865345,-122.1274336266946
NUKd9GiDfzubQNTu4sMmrQ,2025-10,37.12372442236556,-122.1266257601444
h1UCzEST2RVx0YDMa0eM8A,2014-01,37.12394099293257,-122.1243958853869
F_R8Q8-q-nnvhKU8PVeeGw,2014-01,37.12385149156439,-122.12436590269
ZMkft50psThN5XHFBFuVkQ,2025-10,37.12394488976113,-122.123485395559
iRj97QPKVg3HA-uSMbDFbQ,2025-10,37.123962635978,-122.1226270653417
kCzzUqPQqTCOc6YIszfB-A,2025-10,37.12389367866495,-122.1224259351847
HCi4fT27wYMEwshf2i6aHw,2025-10,37.1238947707802,-122.1218180362898
So-1dUvB-WNIGPhms5yQqw,2025-10,37.12413566340673,-122.121378076538
fEn_Ih_tk-kvHdmI9ixNdw,2025-10,37.12393746976971,-122.1208673154217
ui180pfxKV2D1R87Q2p6wg,2025-10,37.12370240307587,-122.1197761988804
bB2G70dE7858cv5W_rwOVw,2025-10,37.12390049956858,-122.1195593781267
s2aQ2ja5v9WFJ-hePzOwHg,2025-10,37.12413276505765,-122.1192165543363
raPSAZiU8GCbiaJ2Rg-AnQ,2011-05,37.12392814632999,-122.115655750203
oqepTYulCtQHtVIY9AaFEQ,2011-05,37.12370436517281,-122.1155120641937
92PqgPGFcPXVUPWTlUCw3w,2025-10,37.12317441399735,-122.1146294049941
frfcPdvySaHuw2JH-TsnPw,2025-10,37.12374389945124,-122.1121461344537
4VWSi1d54y_vtsGCSMeD2w,2025-10,37.12369734565475,-122.1117207817714
LmQ5vqhI786VBpzIF2EJNQ,2025-10,37.12356543405325,-122.110706705801
IS-4Z9lahE2yZBmafc1k6g,2025-10,37.12438261950565,-122.1286080249396
GCeU0v0uy8BnsR32z-A9_Q,2011-05,37.1244200188215,-122.1274375260679
djrLu18LGI-HCiiaFXqitw,2011-05,37.1244496422296,-122.1245599235206
IqQbKNyRrWxrcV85FtzbAQ,2011-05,37.12435525965587,-122.1245302874895
srVXXw7LRPCHFPUI17N7rQ,2011-05,37.12425869220058,-122.1244996115892
RSLl4X00pFIKbRIrOgHOOg,2014-01,37.12438658392691,-122.1236243915522
T1lQODeJIG3zJ5QdU4aIhA,2025-10,37.12440461153952,-122.1227719550806
wGM2AAD9_lytvWxdYeUdaw,2025-10,37.12431600006185,-122.1227465647277
PGrll-gT-o9jkEGWlBetzQ,2025-10,37.12415486366363,-122.1212471368213
m0rmf-rLJ-s2B5H1jlRJ8A,2025-10,37.12436064282095,-122.120747987273
0SK5SCuYnFieLkFkm9Ja0w,2025-10,37.12459908112251,-122.1205783972227
xxi5pwjF3KvvwP5_yZefzg,2025-10,37.12437934229676,-122.1190163710842
AQ-2YswewYr1E0oWQE5yTg,2025-10,37.12454042689678,-122.118917925851
3xRdM9JxL2WURQZlAV0b_Q,2025-10,37.12470710114824,-122.1188306596229
y16_8Q74Kf08AN1mEfk3sg,2025-10,37.12358772706576,-122.1109483307821
SW2fUm__7ry8tH0crQqQfg,2025-10,37.12446092294522,-122.1292161455652
YPruSCAESZV7u-0yKMxfnQ,2011-05,37.12480480584935,-122.128391481872
LisY1BWAAJErI0J7EULkfA,2020-02,37.12500015834656,-122.1268731552948
A1PRSGkmvWthmrsiA6FHYw,2011-05,37.12490369087025,-122.1263416232986
S0qEfqWjkAiBZbIlw15J3w,2020-02,37.12489362700537,-122.1257987370051
DW6T1DyUMZOVvoMPhSv1CQ,2011-05,37.12488808516713,-122.1251995225481
E1mSCBK-x9OKqnEVA9QL3A,2011-05,37.12481894243546,-122.1246757812598
wwb7NzSML1Hcy8cCB4_Pgw,2020-02,37.12498827426218,-122.1241114827074
poOKIbZs__jQw6ziwDdyzw,2014-01,37.12474751720357,-122.1237436298676
nTn-sJwDGzwOJmbF-ZEEHQ,2025-10,37.12484850837216,-122.1229009865085
U3Yr02gOn5kke-6zvFe8aA,2025-11,37.12489238869446,-122.1221376277533
UkDO0kColPU9X3xwhP6GWQ,2025-11,37.12480140233446,-122.1221096375409
1L5Yxe-N0vMPdwzEWWtCIQ,2025-10,37.12484211304132,-122.1210105610208
kXx6vo45Q7BlI2d4SdsBUA,2025-10,37.12475988978761,-122.1204701610218
C8YjYN_O_AAUMrjmSdrI3A,2025-10,37.12492353152853,-122.1203598449105
iuiRdOEGb1hJM-foz-DMIw,2025-10,37.12479122599087,-122.1187906228592
OEzfh_o4s9gLwcr3Xcy7Kw,2025-10,37.12487960063107,-122.1187537924898
34groeS9xj3YRMOGU-OrQA,2011-05,37.12564935995233,-122.1301075239387
BT3l0WV3dbnyIfzc6FHdwA,2025-10,37.12548117054461,-122.1296509609767
fvr1Mxtsh_7gIkJxfsc5bg,2025-10,37.12530139917411,-122.1292429208175
IPJYcyfiSGm4qdHkwNRkHA,2025-10,37.12512284907236,-122.1287846211653
K4CulEuaril93pBmjyHJYg,2020-02,37.12534149297058,-122.1279424504053
-42H4ijj7FexKp7UirfGIg,2020-02,37.12520079756731,-122.1275237455102
teVkoxdg734diGhNJEOefA,2020-02,37.12503206945633,-122.1269793920576
CAoSF0NJSE0wb2dLRUlDQWdJRGNrZkxmc1FF,2020-06,37.12538300744445,-122.12633902369
UXrmYRn4EZigzGE5Mrv6Eg,2011-05,37.12490184572658,-122.1245763013237
nHUpucfMDLGgDDIaLFCHQw,2025-10,37.12526487716158,-122.1239131282929
JU7S5YUEqiTeI3zmH6eoNg,2025-10,37.12512015535859,-122.1234558458891
XUMNHk0E_is5O-81gcj95Q,2025-10,37.12521447673922,-122.1230069672101
JqafvouLOaGRywLOSq9nmA,2025-10,37.12535009777811,-122.1224233354818
CAoSFkNJSE0wb2dLRUlDQWdJREV0T1dJU2c.,2018-10,37.12502640263034,-122.1216137849596
eixciBJltZznjUy75lwpxA,2025-10,37.12523829972845,-122.121154239719
kHYgksnbwE1EK7rA7b5HmQ,2025-10,37.12535166932986,-122.1203026503386
c3ngd6nObOtqneF5WCRnMg,2025-10,37.12526053280769,-122.1201535110172
mVKd8JUmjwEQZsO6VnyvEw,2025-10,37.12556126862956,-122.1197655398367
het0xCjxmyFyLCVKElqmgA,2025-10,37.12522334890675,-122.1186253627272
W36PuXWDIC_81OlRxvxtXQ,2025-10,37.12531985141226,-122.1185900921786
n3I89oss62m0lOS1SuOITQ,2025-10,37.12359199396221,-122.1108198050792
KqPuCOJg-vOY6gsQc1CnmQ,2025-10,37.12608051032128,-122.1336513018788
gyipRqyYQEJEp2uwHqURvA,2025-10,37.1260891422331,-122.1326030322858
DzWodw3aPgRJEi9r_I2eBg,2025-10,37.12592055387783,-122.1323421330552
ADp255T7qQaasOgrLdlw2w,2025-10,37.12593130900463,-122.1321339157806
k44VWJiRy-2DYzrlsvIJzQ,2011-05,37.12611094318071,-122.1310365009929
gONCDG2K2ZlRWjr1kM4rDg,2011-05,37.12594924943826,-122.1307257741787
K4hBF1XTfxNLWV5fPd_VYA,2011-05,37.12575611859867,-122.130313578862
_QnfLFJ6yC5DENXymERdkQ,2025-10,37.12555661181219,-122.1298563235652
N1HdFyvkZEDirGrku_OiQw,2025-10,37.12578472993169,-122.1291117306829
JQL5HDYwk1f-JdG3fbZSLg,2025-10,37.12562041699662,-122.1287036018336
MMUh-T1utr4-IZBmKBxvDQ,2025-10,37.12542804512007,-122.1281888893651
VhgtVAb-7MrTQSMq3l-bPw,2025-10,37.12624501182239,-122.1274242681978
0xK5q02M_XHEt5tMd6c-cQ,2025-10,37.12612193606112,-122.1268745417459
oYRqRukUzpglOJI9ooAaEw,2025-10,37.12626963861649,-122.1263560944521
_2ZroufGvpjVEGSPenVodw,2025-10,37.12560007837272,-122.1239039428023
KuXYYYiajOUMUL-c7k6yPw,2025-10,37.12565219157549,-122.1234651180738
987NtFxv5H-Yox1Mwr597A,2025-10,37.12568649445296,-122.1229971750483
RKfUagDWmEP8NaggQNRK7Q,2025-10,37.12567753817427,-122.1224014113183
SpX7WXVSoFLuIUo39PUaUQ,2011-05,37.12610586094944,-122.1218801695198
MHvj6oWBHTxF6uscDsfokA,2014-01,37.12576011856875,-122.1213129100013
ePMWzeCEjeTRrCrDfIXXnQ,2014-01,37.12576959602297,-122.1204269185061
rcFM66SXC7_mAQ2QcU8ijA,2025-10,37.1256551585081,-122.1203928617632
-QIlIh-wEHEFPA4P3DkfDg,2025-10,37.12561220205085,-122.119528094201
JqtoLJBynWdguhSbdLkeYQ,2025-10,37.1257834196857,-122.1189890733392
Obw9Fznd1jLwScMQSrM63Q,2025-10,37.12567020438771,-122.1186770119618
tan3-_96Kmiz5GTEGPTRBw,2025-10,37.12616010069728,-122.1338304892807
tyOGGjXABoE2P8Mo37XENA,2025-10,37.12612612150541,-122.1337566654936
t1MOtACHjlkwODQYIkV16Q,2025-10,37.12623868772246,-122.1332741235561
KgOluPHnWD8FewqkJEmmBg,2025-10,37.12631937294102,-122.132023438287
AGTbJkxw_XhMRuEEf7JFDQ,2011-05,37.12627611382609,-122.1312744412224
mh9oWKItA1OcPb4fmszgmw,2011-05,37.12605519105779,-122.1309308747725
LDT86VrTTINFOAJ8475iQg,2020-02,37.12627119519772,-122.13019235484
BT1TqgyqQT4OD45mFzkgRw,2020-02,37.12611545989395,-122.1298636022321
dSke0lpfFtMpNJ7nLel4zA,2025-10,37.12591271348732,-122.1294141436332
j_gaHmqEGRjBtIUDHXjoUQ,2025-10,37.1265739674562,-122.1283746713876
xSB15WL4ZeRwS-KGIQ1NqA,2025-10,37.1264190225795,-122.1279559681688
I7_pGKpsR3d_x988fN2-IQ,2025-10,37.12620487082063,-122.1264388486164
Os6ztDwP4xIO6wH6FkPu-w,2025-10,37.12640779113394,-122.1262085232564
l4HNJ6GsjeOg5okBlckxBg,2025-10,37.12624491303203,-122.1229573131413
z8s7It6s5RokIAKkY2DGMQ,2011-05,37.12610269386256,-122.1222664866252
5CmByt3A5jE5pwU02hqbEw,2014-01,37.12619527036477,-122.1213319746837
ZjspPi6PF-LoqcH6iiKXIA,2014-01,37.12621491970791,-122.1205595057239
ycKMPoda7bDDVpWoyvmNzQ,2014-01,37.12613258817972,-122.1205349814338
0FrkNyWEU2kEePRkxZq7wQ,2025-10,37.1258052521157,-122.1188890682084
hSKuKnKYAX0gTPDLOk_UCg,2025-10,37.12559155508875,-122.118625449387
STKdLZQQsPNz4bnLH6HAzQ,2025-10,37.12629207574815,-122.1331959669825
h3le0QiBcfDPMJZGUcU6ug,2025-10,37.12632549398634,-122.1330917292469
ZiFQbE6C9Im9VCH_fjmozQ,2025-10,37.12626986260993,-122.132843481865
-xrhR901EvZuJfETk-ysvw,2025-10,37.12658578208248,-122.1320346160151
m4mCB4KfYCYxRlZZQVu_lQ,2011-05,37.12646785853484,-122.1315564854982
NLluivwtSFsWAyNxRlxUVA,2020-02,37.12659074871795,-122.1308345200004
X2HnrSlXYHFhu-op_tObKg,2020-02,37.12643383835722,-122.1305159940808
h-5C3bLBexWwK55jk6fdVg,2020-02,37.12616685380107,-122.1299729554774
ukjAvk1hYeWE86OD1WVGxA,2025-10,37.12684095951201,-122.1289756012531
vHKReCy6TM_GmROnhGdCcw,2025-10,37.1266628073549,-122.1285738841246
UUzn09HwyjKFyBx9tQ8CpA,2025-10,37.12648976611157,-122.1281661865028
-CH8BXuFEuVJ3wRSOl-_SA,2025-10,37.12630986512774,-122.1276389068487
ycb63CWKvmXVVtSWQIHTXQ,2025-10,37.12691138520879,-122.126934939004
uz_RXq07Mdt-uFwAA-_DsQ,2025-10,37.12648167426035,-122.1261432729804
35wDj7qXGxHHw0bNWjn_6A,2025-10,37.12669924394633,-122.1259469153385
PaEPz-C7-U0X2EqcivTvrg,2025-10,37.12695321036231,-122.1253771642017
f2ps7xpRlWKPnGt0fCC9Iw,2025-10,37.12706664781822,-122.1248366127397
4MS9N31ulbQdcjGikG0H9Q,2025-10,37.12716980275566,-122.124159576449
i1Nn6wUDrgU2DEwdiRnnMQ,2025-10,37.1271964503653,-122.1238135609987
YHwa8V-PEhjZGDvqS5t7LA,2025-10,37.1267114347016,-122.1227484711707
cnPTpslEK--hlNnNghrJZg,2025-10,37.12653332110559,-122.1226921444291
sUx8grVz1lDJMFDy6C2eXw,2014-01,37.12637460179418,-122.1210330054139
qoS9G5lkpp_OV0FRx2OLqQ,2014-01,37.12647762268944,-122.1207022317823
eo9HTvnnFdvrqy2Fo6jxiQ,2014-01,37.1264303443056,-122.1206237194748
nGc_TKZ-h7MFbV9bkJLgRg,2025-10,37.12816076001493,-122.1324481911381
vKrE1cZDX4D-b7-6EldL6Q,2025-10,37.12704115412603,-122.1320335762265
gQEyKazPDscKrG0tohWDvQ,2025-10,37.1270332423998,-122.1315131607726
X50MzNFT_Hy2CjF3SqexOg,2020-02,37.12675139324928,-122.1311511386854
ld48qcOKDQ0BESRpUNk-Kw,2025-10,37.12717102913144,-122.1295951577416
N2gnTNNbwxn6Jv_jqhj3ow,2025-10,37.12699783165403,-122.1290929273282
A_NzRXHbDsibS1zFF7vyww,2025-10,37.12718902288178,-122.1289943179767
UBkshueZQ0O1WCIpOf602A,2025-10,37.12729277738749,-122.1278784143107
u2NKunLIR9QVuU_nd_kF4A,2025-10,37.12707534752671,-122.1275183730444
65uukcsubBJj8jNZPsVnwg,2025-10,37.12701558708363,-122.1267482013177
sDP4LIJhITlcpY-eAzQDrQ,2025-10,37.12711700803069,-122.1267255848057
z183M7zRVRI2OqrTA85HYQ,2025-10,37.12687623549474,-122.1257094832909
9S_kkKEyf8ok0VMYmYnWFw,2025-10,37.1269975661126,-122.1251637342186
LAO9o0eeHcIDLRZyKPJpPw,2025-10,37.12711090139901,-122.1246283809881
E-e8bfOEkd3jriLvAyTf2w,2025-10,37.1272124101656,-122.1235963150693
2y870g0Be9-XyUsFcC7p9w,2025-10,37.12706480893934,-122.1228603446583
n9wtNVPKeYuKR251wgLbvA,2025-10,37.12697647214495,-122.1228323546332
ntnGfER3snM88pp3DvIrEQ,2025-10,37.12679991892662,-122.1227764612176
CAoSF0NJSE0wb2dLRUlDQWdJRHF3OGpUMkFF,2016-08,37.12701782144852,-122.1208778876986
_nsSndt8E3EK9wIoo-VLKw,2020-02,37.12744701522159,-122.114541961977
iPhlsUz6V2N582uKOVq6fw,2020-02,37.12766338976721,-122.1136963869528
rkpF8ZRqy0rotrO_PAHxtQ,2025-10,37.12724596446112,-122.132003942247
A0NMuiKzDv3jpOGMkIH2zw,2025-10,37.12743696894946,-122.1319185928748
POHkZO9cMIt41700oWWv8Q,2025-10,37.12744438951338,-122.1317870593954
M2bRgF-jM56OM9S2_5vtBQ,2025-10,37.12765638218689,-122.1301354254274
QjK7L96TT2iCHGjRHDMFfQ,2025-10,37.12742309294549,-122.1299159392984
_rXE0m5qHCazqAHWWiHdFw,2025-10,37.12734807075982,-122.1288795046903
Tpl0qt9eIbirX1cAa3gbuQ,2025-10,37.12748904148159,-122.1286000529736
V7-Xv2aHamhaU5mWcs12ug,2025-10,37.12737098827539,-122.1280724288298
UVryKZKl-_3y8t-YApyk2w,2025-10,37.12765135119992,-122.1273416880945
FGwNuXW0QFfr4UzOTb9SrQ,2025-10,37.127398841467,-122.127001661904
WQIFytshACd_JnMYyHFF3w,2025-10,37.12708956733137,-122.1247289007352
36XLwds4C0fI51LhsvkFkA,2025-10,37.12754117349152,-122.1245258680807
zpEV1W8OViUJ4ibI_RxS4Q,2025-10,37.12722036072302,-122.1234873019891
JuARC8YKyTphoeZK2OtZsw,2025-10,37.12751710651894,-122.1229457011917
psbWWvEqtFMGbe9NHhXosw,2020-02,37.12747235177074,-122.1144303398663
Lf_RZ9Njaz7DiO31jgcTOA,2020-02,37.12757522374734,-122.1140075094127
9wsOWj7UBfH2WymiHRoL_w,2020-02,37.12774876672168,-122.1134952401728
OElAvy4XstTGntToKzYauQ,2020-02,37.12784573049408,-122.1133068326383
T2INrpU3wEEre1kYIUuPHQ,2025-10,37.12809787245271,-122.1323644884441
VNixIrcB79_p2tyHHMyKuA,2025-10,37.12790651953215,-122.1321193587527
XtuCHpjuZPH2eAhvF-XG5A,2025-10,37.12783881214918,-122.1320515992276
TbRfy_4inZDfwBvE7VKOTw,2025-10,37.12816562113652,-122.13061364889
PH8-A2u1J4TtCFn0lI62Ew,2025-10,37.12794711918078,-122.1304111472041
faNTUChBIMYdhWJfM5oMnA,2025-10,37.1277274414895,-122.1302035327576
Y8DuHYzjhX5FzOe5I_xkjA,2025-10,37.12813696261345,-122.1282250233003
YE2msAfCP8h118kE3HezAg,2025-10,37.12806406752342,-122.1279947017508
_X5Le_q7-c6-buno0fgN6A,2025-10,37.12795470420755,-122.127621922942
T_FOhy4NYQFA81j1qVEjzA,2025-10,37.12786682406993,-122.127563259121
HHQ96mjpHe82DQW8dqohPg,2025-10,37.12790266999276,-122.124539559582
rjtWdrvKFaie_SQEQA3Zsw,2025-10,37.12799690116077,-122.1245414659934
HFX3o_OIdgPVliTmWblHYQ,2025-10,37.12797080497265,-122.122985303134
xdPirewVHdEh5oh6Kk2Fwg,2025-10,37.12806718864069,-122.1222313905792
lQIImDyaaQwQVi8eag1ACA,2025-10,37.12814824180927,-122.1221740236843
5ndEIezyceK9wnaxb-Qevg,2025-10,37.12850903423148,-122.1217514835017
miehCR-otvCLgVXaUTrEqQ,2025-10,37.12857051057478,-122.1183191065232
v5Z5tXWgEnCP_-byk-V0Sg,2025-10,37.12843629381336,-122.117367141615
C2PtEhlqN6KwyRw_WihIJA,2025-10,37.1283621724419,-122.1166813923753
rJ2WTH9IchKk8LSn2joVew,2025-10,37.12836290918999,-122.1165611929892
r5ZFPSjL1PKNeWmGEYCZBA,2020-02,37.12833364809459,-122.1140450347074
47UnQi90_GNSUEwWVSHYSQ,2020-02,37.12810846308561,-122.1138656411486
tAiiBrDXwL-y9at42g1viQ,2020-02,37.12801715805248,-122.1128531452547
94nbGelpJC2B-8cZOeUUSA,2020-02,37.12815793189848,-122.1125668922353
ANu0kpLDF18s07nf5FX0Iw,2025-10,37.12853679160822,-122.1329449470943
1VhwSFtSkWDmROgalymZDg,2025-10,37.12834885390274,-122.1326982590481
5dfN2GJ2rxhMNw3w9cMH-g,2025-10,37.12867725950377,-122.1312356221677
-MsTdis0PWajDhBkUc2XPg,2025-10,37.12846170580834,-122.1308874631457
bIOZ8OknyKnXdLWsu3xqZg,2025-10,37.12823934589509,-122.1306819292188
7dvxNWR4dshgu_LHhSntYQ,2025-10,37.12841415904347,-122.1277547612844
el3gmsSIpP4igSsEyerj_A,2025-10,37.12823497982723,-122.1277161142688
D50WDXIKbsf2waWsLTUcPg,2025-10,37.12846382305366,-122.1246941521091
ymhq0kp15GUwKi3oAFka8g,2025-10,37.12828812664922,-122.1246223151383
DeiX31EHgR6ufwtaIx7WAw,2025-10,37.1284271000054,-122.1230121665877
E6oOqU9gTTUmjJ3EJino0w,2025-10,37.12850740209232,-122.1224416200574
HNeoYrr2o7a9qSR4zHDFKA,2025-10,37.12850984356034,-122.1218636179934
tJmlYykGTY1XvnYVXkKNhw,2025-10,37.12852681446375,-122.1212676746961
ss0Y_3hyBubIZABBazNPIw,2025-10,37.12861580785528,-122.1208368984551
cxD--NKRj-_oLreJhmx9vw,2025-10,37.12875670269664,-122.1202287306426
FlPzX50yFdmKarvugxxi5w,2025-10,37.1287867014572,-122.1196426574524
g64XlitzQ_6ZLHVds7ybmg,2025-10,37.12865572037088,-122.1188644568795
avPyU3ybF6p-XTtzZfvwoA,2025-10,37.12858431786407,-122.1184320245172
l5vFuGhxgEE07cY8l__Ysw,2025-10,37.12850811005587,-122.1178758394277
eH8SHLgm-pusC5ElMal2ng,2025-10,37.12837952709759,-122.1167959586448
Vgj-KJF26TioLoa0kIVZqw,2025-10,37.12847691224307,-122.1162370786215
fQGYxm_rhjFxSL8AEmR4oQ,2025-10,37.12863389772232,-122.1157694509387
JRoxLtgSJxNhDFEOqPubjg,2025-10,37.12878290162237,-122.1152318845923
Swv-5BdIXi6ekH9qeufNuQ,2020-02,37.12849473856235,-122.1141283182825
4Fvago5274fv8elItDKuJw,2020-02,37.12829891158496,-122.1133356051073
509FCFUhIgGgd1lKQ1Sr9w,2020-02,37.1283327146261,-122.1127810404178
uI_XkXmWkcyfQVJJP66bgQ,2020-02,37.12826502732258,-122.1125374262442
JWxyl-05lwOuqZ4qocV5aw,2025-10,37.12899077050388,-122.1334988883758
h6Kz4jYRsWuJlZ3IEl5X6w,2025-10,37.12879055542541,-122.1332714374664
XCh6OcKhRsWyQ1f7FQSNTA,2025-10,37.12919826113219,-122.1323264496208
ln0LEF9Ie5xTjQ-avkbVUg,2025-10,37.12908216347043,-122.1318897387063
4FNtp9UFWDwiVDBtdwp02Q,2025-10,37.12885426513961,-122.1315029361348
ssS7XnPZlMdEOMwMfBWwFA,2025-10,37.12862827888578,-122.1311397009165
sKh9KZt8AmE0caibBhZVCg,2025-10,37.12883896326611,-122.1246787275283
ItEBatO4dT8K1zTvXlvIow,2025-10,37.12888464869139,-122.1230487355366
XGVg9Ykq8zQuoPspMNtd8w,2025-10,37.128963231778,-122.122094212591
7O_eGRYlKdbEmle_jjgoDQ,2025-10,37.12879242577108,-122.1220314728845
braU5IAWyB179DrwjxuCwQ,2025-10,37.12868466339965,-122.1206330785608
1bMcizmVWinD6YHqus7sAw,2025-10,37.12876326984686,-122.1201062820782
lJIDV5Dod2YlHivaal_Kmg,2025-10,37.12879139893116,-122.1195268809738
_4nOSLod2KM26_JcP5WP_w,2025-10,37.12871605021889,-122.1190846587461
DIAkI5yU1lY72zXvXFsBrA,2025-10,37.12859788144062,-122.1185423425969
UDU7zhvH7G4APAujZNfmhQ,2011-05,37.12888056822681,-122.1178997576986
4tVKIC22DVF3v8PQrxDE3w,2025-10,37.12840520270828,-122.1170272573467
P3uBzgTwKMxo7wx-9kVdQw,2025-10,37.12855619621193,-122.1160395763685
rmRJOX7uiIIrXVOBNvAoVQ,2025-10,37.1286947915206,-122.1155537487552
W4aJyaKuBmKT4WqayZdgIQ,2025-10,37.12884100155161,-122.1150161813361
BOLLPoj2p8QtImAeWYcxfA,2025-10,37.12895799060806,-122.1145819136517
mxn-Rfuk_HymhoVBKCED0A,2021-12,37.12910494754867,-122.113944765011
jMyuDbYhbg23SwA4MB9YEQ,2021-12,37.12919908386461,-122.1135150862096
2PqvkFQQHiyRwOs54kyqvA,2021-12,37.12940127170224,-122.1129860884216
ku0DnMSIar27Jrz_0TJsGA,2025-10,37.12939932973723,-122.1337384694819
kn9BQA1zUfXlZHuRH3vgvw,2025-10,37.12931091007768,-122.1337078828459
-i7212xbV9az_LMFe0nUNQ,2025-10,37.129508956509,-122.1328105554678
98zdjxCyUmlDSUukn1Xoaw,2025-10,37.12930724027001,-122.1325508698199
s5426NZUhCHZNcKYiryG2w,2025-10,37.12913119386637,-122.1321070545965
YS_gPzTv8T10GqqKUTUtZA,2025-10,37.12902789428612,-122.1317549125193
DH0hEiVrE5qjDMxGH8AJsA,2025-10,37.12891747559469,-122.1246725750264
iVy0_a7oYol_sMPqOU4Rig,2025-10,37.12944008777802,-122.1231356517326
yZASW7iRPMS2uRwucBjOPw,2025-10,37.12935270690123,-122.1230964831265
Uj8-zx4wFT-8g0Wc0fZpwQ,2025-10,37.12931691426425,-122.1221821694386
8yjMu0Lg3xHeBwDwUnZJ1g,2025-10,37.12964595673885,-122.1208294458637
udORlOBYSd9znk2KKCiLrg,2025-10,37.12934682107822,-122.1205640986115
GfDfJIbL0tllvvUo9ZbSGA,2025-10,37.12918160746545,-122.1204441635195
vu6MVLNAohMmPN-PNbaoAQ,2011-05,37.12985196837984,-122.1195907487023
yYAuXbnBXNR0E_Y5S31VuQ,2011-05,37.12973857049762,-122.1190618673104
bT7Gfv9hmwA9ha7LOjNwhg,2025-10,37.128630200431,-122.1187567389199
0MrnvS_tDPrNRXnjkx8YEQ,2011-05,37.12923838761839,-122.1177777397973
XjGaY1U1qnM1Ls9evJnfdA,2011-05,37.12944063101479,-122.1172683482357
4lkk-_LrrRerYhj51cyxeA,2011-05,37.12947977792135,-122.1171433831476
tXpI2TufNKVivJ0FII3G8g,2025-10,37.1288117502693,-122.1151249429755
wqzHWy6aeByAG1U97qvG2Q,2011-05,37.12927928434914,-122.1142637731173
7SpEsWReZEe6nSUmZRHU8g,2011-05,37.12944831428051,-122.113900046603
uCMW2otAngZLM_DBVfekIQ,2021-12,37.12926125125816,-122.1132953929799
2IxcDjZ2YMJQ5WRR4cwrCg,2025-10,37.129469181223,-122.1128215993945
JG0i2jK9qANKp8utcyHQEA,2025-10,37.1296982302545,-122.1124591679994
GKlKpnJEpP8qI8xnF5gI4A,2025-10,37.12974924614024,-122.1123637500628
1yTM_1pXvPert5wbom6tQg,2025-10,37.13018763123825,-122.1341699740744
dgl-3VDH02JreMcruEfPfw,2025-10,37.12991300215488,-122.1339251950746
AHemE0g1OAuhA2N_XVAf8g,2025-10,37.12974675879677,-122.1338496384004
M6iLmSa7yAe-aedEdszyWQ,2025-10,37.12979930335049,-122.1330886965598
WOeA8iqu33Igz__rZU42AA,2025-10,37.12958308695007,-122.1328803940773
wNUoMjLgzN49sNQls9Zf8A,2025-10,37.12985919129174,-122.1233422398978
jB72xAb0Jxo0xL-91-iPBQ,2025-10,37.12969429217816,-122.1232531574656
voHqs3ozxA1ukrAu_iq6Cg,2025-10,37.12976997272522,-122.1221774033058
zA2Imihdd-2yn5apsa2Pcw,2025-10,37.12983725752136,-122.1212052811405
apD4bI-Aj__YN97D9fb2Hg,2011-05,37.12994459929124,-122.1196334715986
twm1LbARn4iDSfx5zr7e5Q,2011-05,37.12977538245025,-122.1189828338537
y3Za52jGxG30ha87oTIrUw,2011-05,37.12990475613211,-122.1187961690785
zOa_uPZHuVQxF8ozkYxubw,2011-05,37.12936687541585,-122.1176139513468
9eOLUPfG77-skMNXWTok0A,2011-05,37.12938717909178,-122.1142258145818
l2gil2tMCGJJpdvnYjLohw,2011-05,37.12979881017404,-122.1139008265754
cLWt8sOGQ9SWCqamJ7jWkw,2011-05,37.1297993450893,-122.1132491143491
_EtLxTclnoCIbApy-o4Jgw,2025-10,37.12959200267964,-122.1126427237932
uG_nIU7FyZ5d48bu3WWzCA,2025-10,37.12980971427191,-122.1122774318569
tlal_PwVaMcuLkuZ1gsbYA,2025-10,37.13005234251184,-122.1119386582321
N5E-khbdXOTGwx5xPemVfg,2025-10,37.13086511212977,-122.1352721225493
2lx1Ee8calRLOP0AvD8jzQ,2025-10,37.13047077630215,-122.1346138674597
Kwt_v7s_PlWvgDYG3nRM4w,2025-10,37.13024895548998,-122.1342381655057
yJH6U0AodNwWnQgL6gPHZw,2025-10,37.13029612429381,-122.133484331532
64ZGg57rMNjLUKaPFGjfRQ,2025-10,37.13011384013008,-122.1333497672813
w3sgiDFAYY0gGvauIku3LQ,2025-10,37.12988126340174,-122.1331564554337
R39yWT601TijvoTiUVjeaA,2025-10,37.13045763157445,-122.1238598351051
xxjK48pBYPhO4y2s304GPg,2025-10,37.13018521153091,-122.1235470078948
VpSmA2m6XOWpG82Z1BiT0w,2025-10,37.1300260454589,-122.1234353084304
unmLqIpvneD_J-z3B-43yw,2025-10,37.13034449583583,-122.1222213383762
qWPuNMVXzCY2fpuFTqn1XQ,2025-10,37.13018506913016,-122.1218684707973
fry5MemLvNriDChtXBPm8Q,2011-05,37.1302375874035,-122.1212324916678
Di0X6iLDBP4kYTUvTb_iaQ,2011-05,37.13055938679252,-122.1205609789143
08tzALcj7XRbsu8taSwSEQ,2011-05,37.13046637942642,-122.1200548935028
qnOGnkqqnNzS8Rz8mSEhzQ,2011-05,37.13024168344458,-122.1193864931611
nEkSA_CgMjhsI9vF8ubzvQ,2011-05,37.13043326638444,-122.1192422921561
NA8aWOUSRfl3-5o1EPdYhg,2011-05,37.13017649105584,-122.1137982168259
k7u7w4E1UkKTTyBU4zbaCw,2011-05,37.13026400579628,-122.113365157545
LmlHqbf7z1AYFtj5rYuUOA,2011-05,37.13008779925735,-122.1132883731888
x1Oz888yWvKO44RLBa6KIQ,2025-10,37.13023552300962,-122.1116828223431
U54Rz1VCIg07nYB0Qdt1Jg,2025-10,37.13047767245564,-122.1113446535149
PMizix-rSUQd8wDgAV6hsA,2025-10,37.13064062046458,-122.1348967694745
h74aF_4ivlGhC_y7NeNB0g,2025-10,37.13042062991322,-122.1345228014466
cX_9sfeAOGpUpDb78c-f5w,2025-10,37.13071108946075,-122.1337165476162
G5WbpCgsc3p7NUOejR3B6A,2025-10,37.13054606997981,-122.1336223615259
idM5XerSHZeKcTbCJc04RA,2025-10,37.13080856027536,-122.1243815006259
ojF0d0ItvY79IevUcqsTHQ,2025-10,37.13062500783799,-122.1241284671664
LSp7yy2fbKwKGF4v9Q3raw,2025-10,37.13089477353724,-122.122855058617
csPj-hdAACxYXCTMP4XwTA,2025-10,37.13067521800519,-122.1224351208011
hXjO7M4KgrPcDtwholtPRw,2025-10,37.13050004304573,-122.1223277530289
OCm2q0Hza6BAyZNTPY_oYg,2011-05,37.13056780956284,-122.1211358682676
B-T5AEcMmWX0HcuYB2asZw,2011-05,37.13060219343926,-122.1207861168337
j9Q4DoaYLNrWZJefPQ4OTQ,2011-05,37.13047991019657,-122.1201755222955
QUDvOHhepRoeghV-wFY6oQ,2011-05,37.13042026384855,-122.1196935262702
KnozoMXh8OMGMN3K4EToaw,2011-05,37.13037693086761,-122.1137317457622
2JtlbLZuzndlPoDE2Wwv2Q,2011-05,37.13052577272326,-122.1134920336076
HRxtS9PtsmElhJ4gltj1uw,2025-10,37.13011370343143,-122.1118530330087
hdz48BcRlyfZ1czq4CJs7A,2025-10,37.13041704079174,-122.1114293258195
UlsDQxXRP9w2H_QZhzDyEA,2025-10,37.13066062624364,-122.111089076218
85Z7zC5jY9Iv7mHAovj0XQ,2025-10,37.13090735194988,-122.110744752238
eCPFUp8iTijrCQS347TUXA,2025-10,37.13120967886171,-122.1103224273696
2-vtW5IePiG_nmFtdXtLgA,2011-05,37.13095682773045,-122.1086300780295
GYWIpwZ0f93jlSAc8HvIcA,2011-05,37.13089046031921,-122.1083723276166
0uSS-_7fLKh-Vrr6lYNQ4A,2011-05,37.13097186525616,-122.1080173347849
JWzxZZ3FV8qR5pEf1iNFCA,2025-10,37.1318768355567,-122.1370062506634
lH0RvPvUdrrENAUFNWz1_A,2025-10,37.13154355500404,-122.1364835197666
rkwPxC7IoraRD06yw-xutw,2025-10,37.13143965174186,-122.1362985315144
ZHG7ngp1sjipDQHTtUqffw,2025-10,37.13123276616043,-122.1359276875989
RxxnOzTIYTVFBxc96xzakg,2025-10,37.13102439977229,-122.1355522501588
pDFBixnMSqtUIsccV3n8Lw,2025-10,37.13143472157658,-122.1345685510803
OD16gnojf5CdOGos-9TIUQ,2025-10,37.13119829313225,-122.1342197962806
mMXHDV1s09X4hnf4TuXv9A,2025-10,37.13093990525893,-122.1338977278035
OMxLM_BA-E-cLpTz62LbbA,2025-10,37.13112224673596,-122.1245888663033
uS722f_EzpU4ZsUFGPpH_g,2025-10,37.13095830337786,-122.1245063706866
agH-O0V05DthnOw55j7Bmg,2025-10,37.13115358330999,-122.1234831425053
-PP5MeZ0PuDhlJxGapMAkw,2025-10,37.13097246496804,-122.1230571411937
eeQIHhPpXbkb7B4t0P67Eg,2025-10,37.13100640434086,-122.1225984686597
v7t6xX9tS31TQAuiQFtOyA,2011-05,37.13143697669781,-122.1214397767334
8t-QZJnHiZrY-di_rJcAeQ,2011-05,37.13130538292987,-122.1211421942866
Wx-oqi-4YEoFrpZvQ8cFpw,2011-05,37.13104282718111,-122.120807868009
PFPtHlqXG3p1Ctace2FADQ,2011-05,37.1313108982143,-122.1200974428983
jm4mWKZCnVErGPvACVEwlg,2011-05,37.13134141724724,-122.1195077293138
5UgWwBBRtrlYKXlskk5aqQ,2011-05,37.13143921910493,-122.1193195055787
B_J9nA9kN5xTn0LUAFPCBg,2011-05,37.13168823720628,-122.1187874164511
FTGCv0JMDOtIJ_QKv3VkiA,2025-10,37.13059949135698,-122.111174442049
UBB3UcntUTPlH6Xf4fVBXA,2025-10,37.13084178645445,-122.1108362716309
-U2Rxo4yr4aTm6zwWH2nrA,2025-10,37.13108876819893,-122.1104913401816
P9XsxfGJHdKRNNAH517vWg,2025-10,37.13133395513736,-122.1101542942931
CiEL4ZEQd73V_HJVbILFjA,2011-05,37.13138384317546,-122.1093018382399
dJvLABDupE0oz3n3pEsa6Q,2011-05,37.13107664211718,-122.1088325338747
3MFCS_9HBloUDpFDJz_Yog,2011-05,37.13090365261355,-122.1082473522458
qIF7-Wy0hs-uASHsq9P1Yw,2011-05,37.13114734285251,-122.107714688609
3yhXOdGTg8CDAij-jBvltQ,2011-05,37.13131613120354,-122.1075644052275
7pxUM3E2_OUjz1xKyNZS2w,2025-10,37.13247454231171,-122.1058657724921
CAoSF0NJSE0wb2dLRUlDQWdJRGN1NUctcWdF,2015-04,37.13129617581239,-122.1053176697846
s0aEe0swwAYaCMRHEFgzOA,2025-10,37.1328974763998,-122.1033607193902
9M5hiq7AET2O-ksjs3Nvhg,2025-10,37.13176305083298,-122.1368393721541
0Itl7r1gw6j9YxmD-XCFMQ,2025-10,37.13159704556991,-122.1365737176705
PYln2SRNLgCWhgGj4mnEsw,2025-10,37.13133626208521,-122.1361135429449
wCbyjqZzKxTI_0nVojnfJA,2025-10,37.13178988043217,-122.1352705629132
NL3_NukivyXnUU-aCKKuXw,2025-10,37.13159047460602,-122.1348440882367
7Vk6vhkzvj3mGRoMCoe0Qw,2025-10,37.13137743956169,-122.1344716796739
SDnG8hfKQNPqtzJBhLORxQ,2025-10,37.1316398618143,-122.1247600098449
yUMRvzDChJdyRq_FKZp0yA,2025-10,37.13155301977703,-122.1247412057323
V40gj5o-Yx3ChbNvOendgQ,2025-10,37.13157397117474,-122.1236331437877
f191priqqVqUPOBWlvD6Qg,2025-10,37.13160421790418,-122.1228887679581
InblFGPK0-OwbNQmkMXMRg,2025-10,37.1314331091622,-122.1228093040188
dJQFsQt48QMOeLUy7T3i2g,2011-05,37.13159338249666,-122.1215448056365
VBJXM3KvWEynQLdqna_vZQ,2011-05,37.13129373679808,-122.1207168770078
4pQPY8ytymCk7Ixq-PYfWA,2011-05,37.13137975769826,-122.1194156106483
YrmoEdi9gGb_JHKmbRBTaQ,2011-05,37.13159857881782,-122.1189902865725
yBxzvZR2wttkEoA2YJ4-rg,2011-05,37.13173494452775,-122.1187084694534
joUQg4RhLg8mmz5TBZu7-A,2025-10,37.13072117915781,-122.1110046636448
UYtNhKp-Rr7KSu-RF2fwXQ,2025-10,37.13127015777126,-122.1102380141979
hU6ywG-HDr2ujoaG9sdzzg,2025-10,37.13152108529957,-122.1099106742016
HatUZkWGRWFpr16IJh0URg,2011-05,37.13145677054308,-122.1095076728453
3SRjz5CqzKsPl37FnFUe7w,2011-05,37.13139605313216,-122.1086785253317
vaMKoAJQaeG2653S7I0kJg,2011-05,37.13159835506169,-122.108395121306
nEAfbY0t13PRmn-nO3wG_A,2011-05,37.1316033788541,-122.1075078972354
IeXyxdOKT25rewvP5wiT9g,2025-10,37.13247883704573,-122.1378420256473
f0fA573aJy76Sjv0xY57yQ,2025-10,37.13222301706111,-122.1373805566611
KfSkeA5tq_xkqEMIl8P38g,2025-10,37.13200315456817,-122.1371559732183
vKGYpkv8lYlSyGkDBMEeEg,2025-10,37.13213383212523,-122.135852825495
JDjZ0atCnX5MP8Kr65pOVQ,2025-10,37.1319059225697,-122.1354761747463
z2P-Vgcq8aqsrgCCVlCNFw,2025-10,37.13169426685027,-122.1350661637408
AFgF428d8HLnH6vL3wyaXg,2025-10,37.13209959972574,-122.1248274273276
ulDfAMOM4lSxkeKRgPLA6w,2025-10,37.13200737499651,-122.1248120894207
Ne2mrvFAe02ts2fA2JHBdw,2025-10,37.13202144073937,-122.1236263846356
GuVafBPeT8DsWKi9FQ8Q5w,2025-10,37.13197042131072,-122.1230600008501
PRVzl475rTP-HVpImC6IPw,2025-10,37.13206479126438,-122.1231074018102
Uc2e4qnsA7BudCXO6MVzcw,2011-05,37.13205881934596,-122.1215919472892
FAcs9AxEWtn7sUsGirlGCA,2011-05,37.13239428610395,-122.1203135693047
mv-iPTd8BVhhWCjf2qGbZQ,2011-05,37.13223536130127,-122.1200281159723
HLRI91t1tMk3zSuSWKHGgQ,2011-05,37.13209551539182,-122.1195121489279
YOvafTmyvIIwO3Y-3GJn-Q,2011-05,37.13198846829462,-122.1190566677427
ZP1l5Y9e5EhkKVL0ErI7Kw,2011-05,37.13185032477622,-122.118709942669
Vop2msQUtsRHj-KGmLAzTg,2025-10,37.13172427366761,-122.1096905403135
q10Hd3tECQP8W_AiNPh-OA,2025-10,37.13196163278362,-122.1093375451553
r5CykYmqm6ytl7jW4-54TQ,2025-10,37.13215392905552,-122.1089456351129
y5UPfzA7bGUTZ7lOAWJU_A,2011-05,37.13180301690871,-122.10812142338
WQBqxJfErnw_y_tYrcf9tw,2011-05,37.13188886667673,-122.1078052572126
5OcThwXF6PaCh35uyFvaPA,2011-05,37.13178755507737,-122.1076177064507
3h7y3sRCY9oMzx3Ez8tTQA,2025-10,37.13260820520213,-122.1064071988635
YoWaUIoreZcXTExtRivdWQ,2025-10,37.13242160233469,-122.1054208942734
QIHBcAPq_u5UVSJ1_qMp-Q,2025-10,37.13241062146416,-122.104968733882
QZ_TbMAnS7OdcU8YhdT7Zw,2025-10,37.13243749984354,-122.1047436496935
8i6QnXCZxlFmlYc-FlbwkA,2025-10,37.1325974096865,-122.1040826084401
YldpLXwRlv318dDg8ZNTRA,2025-10,37.13279136002897,-122.1384104979646
4Rvc6F7JKOv4xoi0HUflzQ,2025-10,37.13261616317131,-122.1381332370349
JbtqjmpMTwXCygDpEoGC6g,2025-10,37.13243308215068,-122.1377447239581
6yPv9Q8FkRHzl6Fda1Dp2Q,2025-10,37.13264081102626,-122.1368007283919
zmZPZgdAqNIC7t8Ojiw8bA,2025-10,37.13245860405226,-122.1365407924118
8_J7tzOudbZmTdtrSE5q6Q,2025-10,37.13227450152672,-122.1361451686478
JgFstdOjSEOotIeAqiA0tA,2025-10,37.13275584784746,-122.1261693557648
eb5d9tzJxwJfw2Oiu39I4Q,2025-10,37.13264071240101,-122.1257463979428
ke0eO80S5evSA-FrZClsdA,2025-10,37.13244208346045,-122.1251918969487
msAXhcrAq8nnjahMsPjEAw,2025-10,37.13246706624598,-122.1249747404467
bONFHaATnFfj1cGwDwit9A,2025-10,37.13211264979934,-122.1236146861022
6g4yvqqoE0KBbKU6jQZ0Hg,2025-10,37.13231453603372,-122.1234419809385
d1dzsvZXlq4UOzTFEh-0Lg,2025-10,37.13221459028915,-122.1232230877954
mkeBHLfwCWbvT9ogsK6U7Q,2011-05,37.13236955359096,-122.1215736625697
R3OWb1GIlF5nnzWMeX4J2g,2011-05,37.13246837397458,-122.1215535580405
E9TizQ238m5ulYXaf7qtvA,2011-05,37.13256471818989,-122.1215285140311
18LGkEilWwF-eXh3LKhaCg,2011-05,37.1325579518843,-122.1204471099034
zVBxp1JKpa-xCfbpi5Wpvw,2011-05,37.13233643783653,-122.1202296838864
tGc1vvsm6ITmVxKzLdJ2qg,2011-05,37.13214863905449,-122.1197471681492
P6y3HFA-JlHJHC8Lw-c1pw,2011-05,37.13275806362315,-122.1189844803847
Ri3-jHMsoNCqN937QG_2ng,2025-10,37.13233207685696,-122.1085428901644
_lMqQ8wXQnyY8CAQmgYSog,2025-10,37.13224284751636,-122.1087434394827
Le9GP9on-dqsC2AyuCXdeA,2025-10,37.13246495083594,-122.1082440588568
U88Q33tBk5yyNh0sQPrTuQ,2025-10,37.13261716861935,-122.1078366311992
XcB1diwJHbS_0B0zxeSjrg,2025-10,37.13272353182165,-122.1071913825988
aIxERpi6gSLaNc4xtsWcPw,2025-10,37.13263644926035,-122.1065178758913
2TYGf2q6mLkJkclrJRTabQ,2025-10,37.13249614620303,-122.1059765367437
OZoQCeDcMkEb9adMXGJQWg,2025-10,37.13242215835146,-122.1048570152193
5IAsP-GWzJ1zsoE46TRJWg,2025-10,37.13254288885508,-122.1042992002173
2XVrj8dn1lAvsuC-jS25ew,2025-10,37.13266241333098,-122.103864889498
3A_T9SWE2KyW464KzFRdfQ,2025-10,37.13284606087218,-122.1034543251577
exMuJDdHP92tPPpSQr-qcw,2025-10,37.13306138291605,-122.1030858819884
FKyPuQDZVvMHdb981FXm1g,2025-10,37.13317144918543,-122.1028944227868
C4V0hI9r1E7Fw18CjUoFtg,2025-10,37.13303927720861,-122.1386030206033
A5HFCCnvnP_hE1Is1ipklg,2025-10,37.13303512159661,-122.1383632770129
Iry5PNyJzkF4Xjqqh_MaYQ,2025-10,37.13311221151072,-122.1375038520792
uLPeW06sS8iy2qPGU5hsow,2025-10,37.13288211818244,-122.1371468754996
7Mmcf319r0TlTF7CBPT1oA,2025-10,37.13270922082364,-122.1368794888702
WzRj7DPyWAv6Ojn5WDKnJA,2025-10,37.13311770376466,-122.1267140599146
uQg1YJQjWn64rBEc-SR-dw,2025-10,37.13286687074833,-122.1263673594206
rq4bl-RCKVRRSzPbGZuMBw,2025-10,37.13267456075088,-122.1258483897675
hQnD6ZBdnkoR5WNPVJOmDw,2025-10,37.13290250906981,-122.1253229185375
iT4b-CCPv9-Ok_uj-pO8ow,2025-10,37.13254519707827,-122.1250294195591
7-wQezi4YhOPT4dfzcQHEg,2011-05,37.13284557848954,-122.1214553750918
_cW-Y8WJwu7SWEr53FjeSQ,2011-05,37.13293917078739,-122.121421925276
_huJq5ROzEcrL99EikZU1w,2011-05,37.13289859633458,-122.1205195562591
9We1uI9jqDUwhDU6jM_bWQ,2011-05,37.13298240074192,-122.1201845347861
iA9mjcBsDbY94cJCusx8aA,2011-05,37.1330379745056,-122.1195639710568
TAU2grfuPJfh2ur54aL7cA,2011-05,37.13281352356339,-122.1190740862936
NzyHhxwwxVyMjcv4gYQfjw,2025-10,37.13255369218702,-122.1080446353004
Xs3J-LjyF9g2QE51fRNfsA,2025-10,37.13267282881345,-122.1076299267275
6HCipPMjTpvh8SxGlLHuzQ,2025-10,37.13266017459708,-122.1066303728638
iNvSllRevIpdRUW7qUzNnw,2025-10,37.13255011613231,-122.106192604711
0d49MQuiTHi3ZYobiG5N-Q,2025-10,37.13256927539584,-122.1041911210613
Tl-kEmFlDj8FRxpdbywNnQ,2025-10,37.13274836134121,-122.103649856944
p7v4wiR1S9rD5FsvuJ1HpQ,2025-10,37.13295236752444,-122.103267286886
zRQWZzXL9t1Tv6S2mniywQ,2025-10,37.13321928398957,-122.10280098988
T_XKGT98dZ2jhq9QNbFk4A,2025-10,37.13345818591892,-122.1024255239904
-B3cU-ZiFEvus5nR59Sspw,2025-10,37.13362379715193,-122.1389083528323
cnRsQAGdNK1GrXe-WcgS9w,2025-10,37.13338412892619,-122.1387636580415
vYalc5WZUt7eP5RdB2ywgQ,2025-10,37.13320667311489,-122.1380979728593
inJAXoiQtEsH_FLpJT61wQ,2025-10,37.13331030984405,-122.1377537349819
couons2A0Nw-IjAMEpYw9Q,2025-10,37.13304740109312,-122.1374202399523
ZK9TS9sTaDujg6Lb0QOgpg,2025-10,37.13361630271586,-122.1276755608833
SvdvT_aKnHBRCgpCH7h4Ow,2025-10,37.13348845299647,-122.1274790327226
5RXgpC8aP_WA202tHan3Fw,2025-10,37.13330646697415,-122.1270591995406
wwxDIM3xzR69xzZFsOubjA,2025-10,37.13305699767118,-122.1266126754815
g9s7nAr89xQh68QjwSLcHQ,2025-10,37.13335310712051,-122.1257352195637
HO4GVuyi3Cb2vp2b3IL5-w,2025-10,37.1332025504383,-122.1255960529789
yI1dgbbAtsvqevqlgXZ1ZQ,2011-05,37.133225248359,-122.1213135166049
F9Ftf0oUDtURbgXBs-T8GQ,2011-05,37.13332342025145,-122.1212763404648
AvhYwGLQ61zxViozG7j56Q,2011-05,37.13350091010334,-122.1204524827209
w-8Ivl1nuVfPjI0NXZmhZg,2011-05,37.13341415851286,-122.1201103550334
uMXUMuUprhcEfD06swNSnQ,2011-05,37.1333939419581,-122.1196219459508
BesSnnszYN7eB4lH8h_EZw,2011-05,37.13336685725842,-122.1192812888411
RkHiLfD9sUhWJ70rzJNtBA,2011-05,37.13344018466064,-122.1192796423147
jXF5Wk0RhHUe1M3QwCv11g,2025-10,37.13300714001274,-122.1031761944504
U1UrRGcEGGaVvPK6iLojgw,2025-10,37.13311589859718,-122.1029953961065
Ge64uaxVrk0zpoXDvHEr2g,2025-10,37.1333282055027,-122.1026040697974
GqtYjLxSgbmeh6lJE9LdZw,2025-10,37.13354023678367,-122.1023287971097
SnzjxBmCWUhmajEDvYhwoA,2025-10,37.13368938478216,-122.1021841399916
NLnUZcCRDdZ7ktolT9o5RQ,2025-10,37.13413635094524,-122.1396854558456
tW-rrv6SEwbY9psYcFw-tw,2025-10,37.13392353371872,-122.1393302193507
G5_hHjW_BWVuBIRhG4s0CQ,2025-10,37.13385069594904,-122.1388490886421
xSp0k-R9iXSDYGUXa6pP4A,2025-10,37.1338204082914,-122.1383040125231
us1Qn7sRRNk7hMfIhq3CQQ,2025-10,37.13353846357683,-122.1380096824035
gOgZNunc4QPr2MCAEgeTMA,2025-10,37.13391496946409,-122.1279342184332
Ah4GgFKbFgg14hti2YgVew,2025-10,37.13368568836448,-122.1277450562055
ggkCTkk5i__zj29W6pK4dA,2025-10,37.13433838174051,-122.1265908388218
hqhL1cCXgjLFIrhhNYgRjQ,2025-10,37.13389057976147,-122.126208003334
up-cyel5CywrTYFqTSuizQ,2025-10,37.13366717972379,-122.12601589185
tav4U0w0fCCzlCXPNhcvuQ,2025-10,37.13343234035155,-122.125808615567
psrNt_2yxbKuZgqyFGIdmA,2011-05,37.13342717048992,-122.1212369978691
euOXn60sd34-HQaXkhj3Tg,2011-05,37.13368094286537,-122.1210929726497
c4hNOWqR8sczuUVkmv-vTA,2011-05,37.13368627467738,-122.1207245895813
SzwAKwLf92KaLKZan0UTIQ,2011-05,37.13409143480261,-122.1197798385536
wRy9U2FFwYF-y-3HzI-11A,2011-05,37.13386399529834,-122.1195511455155
VB2qvt8sFK75Cc5lJouolA,2011-05,37.13363364282655,-122.1193537359785
_pu-b9tPCsHW6tI_9jDM5A,2025-10,37.13361384439296,-122.1022532183399
gQJMCveeWPexgy1LMdVZ9w,2025-10,37.13384679501617,-122.1020608042612
6Qk6htegchm7JdHjkYvUfg,2025-10,37.13400979031015,-122.1019591366842
18YSThXBz3LMaKjoldibFg,2011-05,37.13448348304036,-122.140177759707
TNA7LTuHdDN0Z_3xOmwKYw,2025-10,37.13424943352572,-122.1398711314308
q2AF3D81HeEre2IyVJzidA,2025-10,37.13408342007695,-122.1395970800465
qAt2PHuchVMk81Sfmg7kOg,2025-10,37.13432155809187,-122.1387757015076
x0VguGNgxO-aRW8RhI3uQw,2025-10,37.13410322508417,-122.1385762476737
zEtjxT04uDyIy5O4x9RP3w,2025-10,37.13444014566602,-122.1283843764099
FJV2ufGmQiHLzokY6RGhPA,2025-10,37.13422064330633,-122.1281888893651
HvKeD8-711bW0tnJJnvwJQ,2025-10,37.13441472383165,-122.1266540957999
LU0uucziDeojnlXrD7VzdQ,2025-10,37.13418853679546,-122.1264644114082
zz-nLzYwR3-1biZNMCMUVA,2025-10,37.13426307415917,-122.126528534995
pzqqoFVXVFWe_f3_37iZgQ,2011-05,37.13425016862103,-122.1198720435674
XNngNT-MSYe1A-MQvG0vlg,2011-05,37.13441593872598,-122.1197687462158
VYfot1oTo4Sy7E5isxsNvw,2011-05,37.13449656406419,-122.1197066984304
ZM8fCKUTeZT_tBLWYq4Okg,2025-10,37.13418076153737,-122.1018758437388
zCxoqctWqc5dUvw8RLPoNg,2025-10,37.13434647331438,-122.1017883037375
bZ2lYyD57A9y5p7BF_wrhQ,2025-10,37.13494805272166,-122.1015013280485
yNg_P85u82AGhn5KzHkNlg,2020-02,37.13494285069605,-122.1406033468726
aLcxHNR_eDLufVXljKOP2w,2020-02,37.13472085546854,-122.1404187122561
PkcV7F20d-VuPhwfVqIA_g,2025-10,37.13464391301842,-122.1395927478976
S9XNakE_CPH9PhByl0bTtw,2025-10,37.13472425148941,-122.1394084581231
pl_b6S77e50GSk5FO3A2mQ,2025-10,37.13453867603367,-122.138983299459
YBXe2qTvnZUSAN_qfwzGsw,2025-10,37.1344711828824,-122.1389204829257
zfMJ5Zs4uj3Xnd_ogY1E-g,2025-10,37.13474912029438,-122.128637833155
76WeJgCHgsv1peInUB_Zgw,2025-10,37.13494336573737,-122.1271052122972
zWDBoAfYSZGv8IBI06-eYg,2025-10,37.13471802413734,-122.1269100695489
prU0-pg6LDiDF7g9LEBUFg,2025-10,37.13449097113712,-122.1267171794342
_oH6ZfrPM6_eqRdILYg2nw,2011-05,37.13528520410804,-122.1211564928213
Fd_UFwWxkzO2e8JuMSrX9w,2011-05,37.13487637973855,-122.1198265476823
b61vLYd2igawaxOSKwhMzw,2011-05,37.13473374206109,-122.1196776676805
0SkpFfmCQaTl3xxyRdD4Ng,2025-10,37.13460528133757,-122.1016830822956
3ZzIKYZmPRiQdp75lH0bmQ,2025-10,37.13477575030583,-122.1016194640102
2ZJdf06ho4BN4-rkZK34vw,2020-02,37.13551791315504,-122.1410401957952
qCHVPExcD1zCZRpTNCa-Fg,2020-02,37.13522562450323,-122.1408146669116
91t5fmaiyb6fNMXvVwLRig,2020-02,37.13509003717721,-122.1407136422952
vWkrYpRwBTL9GIvwMXeV-g,2011-05,37.13530315762736,-122.1397415137904
R0lvXIM-duUvIFh-JAv4AA,2025-10,37.13506253184353,-122.1394717075876
P3AAuuWT-Ddc5VDr1V_FMQ,2025-10,37.13512916375569,-122.1286702409147
00PgjQXazCI6DKd2Ka6VlA,2025-10,37.13521832752254,-122.1286626155603
12uNFaF6Evc05jausCkPxg,2025-10,37.13525080212717,-122.1273610983239
0FlHBk78ANDM5AqOJblWGg,2025-10,37.13501878385487,-122.1271705486448
fnizO0oGIcuMMnOfNft7QQ,2025-10,37.13479373169109,-122.1269756659739
iYYHEqQb62WgUHFSgj9iNQ,2011-05,37.13531881948455,-122.1215158620381
XvSfz0DpkXTI3OQ4Punesg,2011-05,37.13529872319069,-122.1212698411383
SICX4PV9ZetAHfqj7L0I8A,2011-05,37.13523134902343,-122.1206991987472
yMOWepfkYxdaEDwWrZ7ZXA,2011-05,37.13521547662984,-122.1201076686162
mPFFytTsK-X0FZ-hbRc3bQ,2011-05,37.13495450795291,-122.1199028940995
3eVCk4Pu0gM9vR064nFCDg,2025-10,37.13509537438789,-122.1013649038208
211bdTLDy0CU_HHu6CF48w,2025-10,37.13531332506769,-122.1011522931662
11nY1zftsmVHZp6r4fiuMA,2025-10,37.135469366381,-122.1010159551725
QkNAUQ01hPVLZbGabJc0RQ,2020-02,37.13576107823572,-122.1412315873975
s30bcahZD3IH09Lj5IV_3A,2020-02,37.13559878177766,-122.1411051771378
YIilECIl2Z0wtX6OJ2ZChQ,2020-02,37.13550440991152,-122.1404224378756
ufn2FM-MTc5OJ5z2apZAuA,2011-05,37.13559789418358,-122.1400245756418
NhPmMJqA0Jw2jfsHCH-MVA,2025-10,37.13595574411217,-122.1395574841992
LkM_D3L5Lx3hHe0IRU6oEw,2025-10,37.13575757995934,-122.1291334801812
uf4FtjJo8HbVKRc0KLNQKQ,2025-10,37.13566871641227,-122.1285410430767
ZrZFuzUK9eNV2oLdVPesfw,2025-10,37.13575476337282,-122.1276380403229
MDODotLth1CpKTS4id6NSA,2025-10,37.13558402558336,-122.127563259121
eZqC8ryqm9_Qt4qDd1oKXg,2025-10,37.13549888648163,-122.1275203660559
QdpfQ9M7gIZuQ1GBpnRkxw,2011-05,37.13531237389435,-122.1213839692548
qidm4kcREtJwh7c6fHnwuA,2011-05,37.13524420824791,-122.1208137607569
al51DPHGYCeckanEFq5mYw,2011-05,37.13524751244083,-122.1202010865698
DR3ZzjNDBQA-oVvmLX40BQ,2025-10,37.13539121514012,-122.1010820006811
yOJykqmCkJgQj8GME6iZcQ,2025-10,37.13562729977075,-122.1008933115032
ZrDrp-v8iZ3LW6TFXH2Ukw,2025-10,37.13579433765214,-122.1007889559323
y5rwHF32XHF6u7K_K29c4w,2025-10,37.13587889002986,-122.1007416318612
Eouae0xXAfJpgsugik1zng,2025-10,37.13623797963644,-122.1415444499867
-ZU6oV7tt2lGsbFNkkWtTA,2020-02,37.13616183773866,-122.1415044216474
GERdss9fdfGdq-7Xm7xshg,2025-10,37.13624449623249,-122.1408009774751
6VF5wfu0Es3bCAb2UDDeQA,2011-05,37.13605567491774,-122.1405800401271
WKlLaqmjWIvGLnX_5webuQ,2025-10,37.13584618591381,-122.1397604019322
EIDU-kasKxL3pN2KWirlcA,2025-10,37.13605896982998,-122.139370161854
HVwb3L8XOdZymtzGxw2OHg,2025-10,37.13616325468083,-122.1391812796039
uF1YP-Ek-RHxhxs2iLRXsw,2025-10,37.13576859149956,-122.128714606602
ZM9YhH8LNeRAJQ70-7LyGg,2025-10,37.13610161635005,-122.1277780708005
0L0IeGsasJuBTgMWTa1RFg,2025-10,37.13601337696319,-122.1277447095955
itvdQjE_nGrVX4TPerYVvw,2025-10,37.13596366124597,-122.1006982081074
jolMjwKk6yrPwwOLB5-IIQ,2025-10,37.13613642693877,-122.1006169943734
KYJrtIL1-D-VyadUIVaVFg,2025-10,37.13631146306276,-122.1005387275049
UeB0W5oqbKt_SpVC2OwICw,2025-10,37.13665527627108,-122.1417509162716
Jzv1NYmX6ZWqaNyIQmGK8w,2025-10,37.13648593253205,-122.1416840292096
8tc-kBYNNuYb-j3VKVfVAQ,2025-10,37.13653041040033,-122.1410638490084
Grm1xFWAqYazfBLAP48f7g,2025-10,37.1363100996841,-122.1408724571084
XDvDwuy1TmTvEId-QLKuFg,2025-10,37.13669877421138,-122.1396162281424
e8jKygfTY6vvPhmYDoJ1qw,2025-10,37.13647931424327,-122.1394037793942
kNfUp8xt29vcujgP-zdY7Q,2025-10,37.13623470194338,-122.1391811929606
hil1MuBR3ekgw4Neisi3hw,2025-10,37.13654140073663,-122.1279393309212
l-Wwl2tbTMRqUDhJccX0LQ,2025-10,37.13645451179431,-122.1279070962468
96qWAyy8gRDy6BMI2E1tJQ,2025-10,37.1363979701364,-122.1004992906893
2d6uxp7dDsmlfA_IWMKYpA,2025-10,37.13656937827199,-122.1004211104101
HE6-0HOHyPWqU8CJR0XYjA,2025-10,37.13725677320899,-122.1420232293612
oDkWi8oCH78FE06JamFEXQ,2025-10,37.13708494579393,-122.1419271444202
O2fuwiBBUFp7cunaEMg75A,2025-10,37.13690974179737,-122.1418395502289
1fIzmooR0CIIevBRCknjnw,2025-10,37.13698688837623,-122.1412420710381
eGJ1kOomwCXw_KvwKYrUIg,2025-10,37.13719961812149,-122.1401126045203
ERGO_0OIGSuZlAXH1e1O8Q,2025-10,37.1369869450785,-122.1399039690302
cQJD-AgNtCXBuAY0Tp6gow,2025-10,37.13676733334265,-122.139698105709
m3Exxr2qmuu2va8JnTUbrw,2025-10,37.13710918162987,-122.1283063029473
D1jDsjcvKPYYYslli-8BXQ,2025-10,37.13694949590904,-122.1281952149709
1wIn7AcY3YynaoNuJwuSeA,2025-10,37.13673792906344,-122.1003360827917
LKoM3BElJmkjHZc10FAADg,2011-05,37.13715839794627,-122.1005834514367
Z88SpRnhQ9JXfKRb0gT-PQ,2021-12,37.13695941953306,-122.100341543283
nqME5JQnLCJIgirwmMtzTw,2025-10,37.13711876477051,-122.1000411291801
2AR7KS2jLBCBMi5KfuQTQQ,2025-10,37.13738299542337,-122.0996119152012
tTSNMYGUwTAOfcofltNaPw,2025-10,37.13812130140475,-122.1446529257176
0I73g1EH6UKVu05YhDgaIg,2025-10,37.13810339829226,-122.1445413347402
Ah-Hg0rLCFeH6VKycmvJtA,2025-10,37.13801958694534,-122.1432997906848
qCrQzWygz2MpORbINmffdQ,2025-10,37.13773116883323,-122.1430394371693
lRTROI4mpv-TnsWlZMK83g,2025-10,37.13742191701893,-122.1421154153738
G23A0fxjHMgLf0AEbf3F9A,2025-10,37.13751670205726,-122.1414209859053
r9SW7Mey2x2-JTAYT1s4Qw,2025-10,37.13766730665021,-122.1411574221089
t3oyKJj64JtH_hp42JvBvQ,2025-10,37.13749093965693,-122.1404042429884
w-crsa9BEwuM95nlkiNKcQ,2025-10,37.13727400763364,-122.140185644175
WvL2KxrWMcehaC6uIpgqkA,2025-10,37.13763925651696,-122.1287484007657
-CerNqbZa4wR9YJ9Np62ug,2025-10,37.1374162463071,-122.1285514412988
5STdaasklWzQN07CeoRNhg,2025-10,37.13726430580493,-122.1284264026122
SJAzEqfoGCsn3mhQKK94iQ,2011-05,37.13743589143813,-122.1006906674538
imqUl6TAi2MD2EhwK6ht2Q,2011-05,37.13733894801959,-122.1006614582503
1_9R0G1SDUhWk6OuvfVj7Q,2025-10,37.13734005592951,-122.0997056975608
x2ev5uCzfqiDO51jGlmFdw,2025-10,37.1374840108441,-122.0993087254642
r2c3FwEN-blRJwROJB-xdw,2025-10,37.13756552677938,-122.0986387234057
ODv8wjx4Mw83CGU-K8VX3g,2025-10,37.13759428370174,-122.0981843677745
rfrBiyTBVmknyTspyY_5Uw,2025-10,37.13763596913508,-122.0976207110481
hslNUyHp-i3MP8g8uwaGOA,2025-10,37.13767278226424,-122.0970490770947
Z2QFuva-LWKXNlh1HZ0MoQ,2025-10,37.13773582721624,-122.0964355748559
5TDRxMGG0cfGAaw6rYgnBw,2025-10,37.13782424189951,-122.0960966649516
LBVNg6K8J_TlMVawCGNV8w,2025-10,37.13814882426949,-122.1447647764959
lwTnwRvz0bZFkBJ3Rvpo0g,2025-10,37.13809077572203,-122.1444202999858
uPZ9F5n3D3Y15nspNDomOg,2025-10,37.13817708250547,-122.1439726348278
-GgE6p0PFROPWmdKGhZK6w,2025-10,37.13795447366022,-122.1432211215358
z8OkX0THSyjsQ35Jcpa3WA,2025-10,37.13802146171083,-122.1425345834857
mq7vYFNm9waBvFalR2-PQA,2025-10,37.1378330485609,-122.1423718722873
WutDhrFkBDjXdrIXeXjwyQ,2025-10,37.13783478771529,-122.1416602894911
wpPEZKFQKpaIjk7jLvagbg,2025-10,37.13771827497279,-122.1409436767687
wttMQ-gas6ak_tEuvqz8Nw,2025-10,37.13772915860265,-122.1406586245612
h8yd0sKxf1TqB1aXhJ0plw,2025-10,37.13801210645883,-122.1290673651587
oEOCcaKE2AGaTYE9tYvC9A,2025-10,37.13793704210353,-122.1290030697769
JL7vUPCFvLa_-1BFGtRq0g,2025-10,37.13778828354749,-122.1288757786722
GzgKiVgzQpsitezEZV9mYw,2025-10,37.13845980565206,-122.1279751183307
BRd0MXB-t6oLx2RLtpAB9w,2011-05,37.13863725988541,-122.1268749750119
Xpvs2ei_YAIqUxNuyQQj_g,2011-05,37.13868261182909,-122.1008469408923
2l-l94OeU7lJtzfT0TtiCw,2011-05,37.13792961087852,-122.100633809175
TJzHNWne0aUD7QhF13y38g,2011-05,37.13783580197903,-122.10063268241
E0HPabSUI_D2_Uoz0OsS5w,2025-10,37.1375265888966,-122.0990936838582
2njFf6RmOvLYAIoEb4W-Lg,2025-10,37.13760301193224,-122.0980719486986
vPMqSw5Beh1cBMdnptzqSg,2025-10,37.13764344609078,-122.0975070779127
GEZYttV-e9tZPGxoCLQd2A,2025-10,37.13768023239377,-122.0969355300365
oJ4_qWe2Qy77zTtWyn1HRw,2025-10,37.13776135647284,-122.0963156996836
flVSob9RVVnCTCfTxGT9ZA,2025-10,37.1379081176692,-122.0958791899812
CwDyyiFu-pBhj_QViIeIHA,2025-10,37.13813188054251,-122.0954987594191
TNNJCDpxaSt195z4R3euiQ,2025-10,37.13827467710185,-122.145073816734
d1EZ2tOYvMTL_cPt-o4nRA,2025-10,37.13825268234771,-122.1437731906073
BeSyAat11R7u26ftRkghIg,2025-10,37.13839366678525,-122.1433594856285
1OP9kBv-bJ9N4x6NPltEhg,2025-10,37.13829068563243,-122.1428355725633
Mq2JM2zVhQJT0SSz6vsZPw,2025-10,37.13810987372886,-122.141814597568
FCKWIj9q778O9Qz_QTw99g,2025-10,37.13773602475176,-122.1408458580262
TZTP6JQL2T2Fheb5XIc0Ww,2025-10,37.13774902864393,-122.1407452666493
oBewJeQ3-6zikk0f6N8idQ,2025-10,37.13884709902108,-122.1298126515538
Xruf5fD7K9H1Pu8zOLqtQg,2025-10,37.13850945566353,-122.1295000148924
ijr9ibrwkqqH8zq2JtEaEQ,2025-10,37.13830475772451,-122.1293176142047
hLCToiJOKjzAdNrP0NV6KA,2025-10,37.13863825154018,-122.1283589007246
MENqDEH-uQwIkP5vtlX2Pw,2011-05,37.13843963883332,-122.1275512144034
VpW-YXxOu9woWqnqZNExww,2011-05,37.13861245628458,-122.1269947296566
_rZvWc31jht4djHpWPRsRA,2011-05,37.13873193453193,-122.1264151055433
hV5hmj8O70jA9yqyqotD9w,2011-05,37.13840652235947,-122.1007129427164
hMwf3Twleam9tzkIIPxHvg,2011-05,37.13830952417547,-122.1006853803285
lk2LpgCgU1xubxfUI4Z3Ag,2025-10,37.13806955051784,-122.0955869112541
csata_RiH5Z9zjZFy56AoA,2025-10,37.13834005770215,-122.0952651610434
yo738-lbeSZg-y6mfgP5tw,2025-10,37.13848009611201,-122.1431213121363
tc3A1Gtthh_ov-g2jia8mQ,2025-10,37.13841218440096,-122.1430045211592
6Hsc_h0yEghccBmIqQGbgw,2025-10,37.13922609124863,-122.1301686125924
bTLdF1SM9Kk9-EM8ynDD3w,2025-10,37.13900028646957,-122.1299561452393
bUOsSiTP28yIQ2ilN2Sjug,2025-10,37.13876844642999,-122.1297390849708
2CyFF9cfZuSfwND3XnOgxg,2025-10,37.13867004876025,-122.1289704021626
xUmypQN9KG8BLR_6YVcnEw,2025-10,37.13875898039618,-122.1286742268951
bxz4G-CEpjTPhpld7oxDtA,2025-10,37.1385829658071,-122.1282714688204
Iv_-Z5ZYeZB2OUhbSkY7nA,2011-05,37.13888367246107,-122.1273869208557
HOyQjvOJVRrfW67WhFszBw,2011-05,37.13876928817884,-122.1008799637032
2-RIJ7jJ0aCatOeUUB4KWQ,2025-10,37.13860636701482,-122.0949731406954
qeqy5oeWnrr0kSYpDKxjBg,2025-10,37.1397378738364,-122.1306548077228
nm5N9YtLsMT3lIgwJ9g0Uw,2025-10,37.13951947644123,-122.1304470204444
v7yyyKJeOVSBpzAjXJBuWA,2025-10,37.13929986962478,-122.1302383662611
3M0l9jYvLyuVyc6vPqug2w,2025-10,37.13907609742571,-122.1300271988052
TKgOy-tO8JZR-V-8hPOc8Q,2011-05,37.1391422355052,-122.1275080613756
jeHpvdH_yjREtWqx3EzVVg,2011-05,37.13909190322087,-122.1268895327471
90NJ5xP3q_gUF3D2eQu-Eg,2011-05,37.13902851724716,-122.1266601615355
-cOp_0JPiYTA3AtMMJxAGw,2011-05,37.13940664508833,-122.1011172769401
YbWDzV732hFRyzGzu1DShQ,2011-05,37.13923034367333,-122.1010276561514
jRLhlmD4g8qGl4V7HAeXSg,2025-10,37.13995225943427,-122.1308622480012
wKj4eT-jN2_Bcxoke2bUBw,2025-10,37.13980998120823,-122.1307235212761
5cQBUhnPKd_wz9P10gL-7A,2025-10,37.1395925243321,-122.1305165139824
Gp8Pg2vVFUtR1Fs9Z58PXw,2011-05,37.13895516857801,-122.1265556575276
L55q1TvNxtnu0gRDS76dhw,2011-05,37.13977700413373,-122.1012953915369
WyaQw9uVQdtS1wiJUt5b9Q,2011-05,37.13958581586011,-122.1012168651377
AH7uI5a-jqFZ9mgfKHGpZw,2025-10,37.14031975142201,-122.1311881381263
m2p96sgd1w9VInnvea2dyg,2025-10,37.14011865471738,-122.130911465185
o29aLo9uJ_wZTmmFDpXuzQ,2025-10,37.14029327127835,-122.1304103673509
N3jYFhvVn8Vgpv7cITCEhw,2025-10,37.14045271166408,-122.1298899440699
0J57e1CtpmIvdNFo0Nvtlg,2011-05,37.14015596252676,-122.1014250553121
GbwCY6Jth-KG4sRta-Jbtg,2011-05,37.14006255770486,-122.1013967997166
ezA_LkAdyvXDwCpdPaJHdQ,2011-05,37.14034091777168,-122.101474805944
kj5bCYa1GukDy9-eG4KVAQ,2025-10,37.14072148782661,-122.1314636839146
6hNItY3rXAZ8bgtTyarW5Q,2025-10,37.14063837334544,-122.1314168065204
zXlmcTCMQ-e6q8nMAAzqMg,2025-10,37.14039729564495,-122.131249312818
zH0-ILdiNa9l77YK1-2taA,2025-10,37.14036709684536,-122.1302028395535
XOyBXWbYURzUODhxDMv_hQ,2025-10,37.14055449636853,-122.1296754831966
YP3fvp3RlxPRnBB3D5YKlQ,2025-10,37.14077385987791,-122.1293129350381
9n8MDfZov7Ms_w72fZ47HQ,2011-05,37.14062144989396,-122.1015353907418
BbLh7wRsgCj5p3shNdv6MQ,2025-10,37.14165573740448,-122.1329760538363
Eyx0cZ7OOeADuuLbPFlGJw,2025-10,37.14115354525101,-122.1316554391063
F8tIfWf2aWlliDqjkmF1ag,2025-10,37.14097727653713,-122.1315878525887
VPFw5nXAGew3eVyO3Dml1w,2025-10,37.14071896706569,-122.1294043520523
ioRC2MwtqANdnhlDeEcM0g,2025-10,37.14093009540213,-122.129087035032
zDNtU4x5CC0l1FrM3lHQFQ,2025-10,37.14117794373679,-122.1289156383944
hrl1Km0TDvKh2xIkNhWe-g,2011-05,37.14113764094753,-122.1016839490295
2rNiqnOB4DtCT9W9kFC0xg,2011-05,37.14104031540175,-122.1016545667472
8aV36MaOiKtenSRY866DJw,2025-10,37.14167120138299,-122.1330678143407
cZfwOImTvGpFxki7Lc6Q1A,2025-10,37.14170683001931,-122.1326580541287
d7NPnwM1jE61s8auVYwZ0A,2025-10,37.1415505842831,-122.1317481538757
I_4syZl-WRCGMu8Njj-LMA,2025-10,37.1414608715039,-122.13173428999
EBG0ws59PX2XnBY7q1UUbg,2025-10,37.14182222909118,-122.1291204824736
UPirhF91CxCErggtqB_sbA,2025-10,37.14158874944559,-122.1289550648442
wbNJhgEitcSRaygNqUz_5w,2025-10,37.14143842667703,-122.1288456239161
qXRUU5M-fma8bKLreL8WJw,2011-05,37.1418179518503,-122.1017681955291
eyNxx1oKvQuqDxnKFdxBsw,2011-05,37.14151750349811,-122.1017548478371
Vzgb8QdQDDmoQNSU2jLxgQ,2011-05,37.14142254041911,-122.1017427135701
scYzgmh7F_dFYkHgbQyKBQ,2025-10,37.14204073985348,-122.133353059905
yOnHjUJR5T_ZuYoRHbu3-Q,2025-10,37.14188828026273,-122.1332507285788
RJlinTjMXsP_QI_n_y0vLA,2025-10,37.14176692457225,-122.1324490576252
lqQ6HufQZrNNOJMBHLDUPQ,2025-10,37.14189037086917,-122.1320197990265
3VjXWtvgU_JUqDQvPDI7XA,2025-10,37.14185188708883,-122.1317769214328
YZgvVXTUHCPTLvYiXoT6cg,2025-10,37.14207013502211,-122.1292858131981
Tpgg9KDDrJaIAq7CdsVGUQ,2025-10,37.14194744370452,-122.1292062673151
fim9rIMybsf6T7nToJOGrA,2025-10,37.14174453513636,-122.12906441901
LzQ0yFtvQoIB9jOwM3pK-w,2011-05,37.14199304075272,-122.1017792897135
ejpkJ-hrT9K3nqNSGKJ4Hw,2011-05,37.14190655823538,-122.1017694956289
CCgyuu_0Z1msGy4Nm3LdDA,2025-10,37.14272897508631,-122.1339128044768
MEhjbmGzcq5fwWx2uqYc_g,2025-10,37.14246871441662,-122.1336306797119
aA7oUvyOo5oZIyfkFp_xNQ,2025-10,37.1422751588288,-122.1335109324297
OFTtrlM_ZR0BkSRIqvmRoQ,2023-05,37.14273501912347,-122.1318806405434
DwTdOtnGtqIg1qQCkjdSfA,2023-05,37.14236527329972,-122.1318352363669
IiTf3_AZ0Mk0c3MndWyriA,2011-05,37.14238002588616,-122.1313783341151
huAS57HmgOQa34YhmnODgg,2011-05,37.1425085846663,-122.1310689946823
ocZY5DfI8w2OnCvE8xSQ7Q,2011-05,37.14260696362075,-122.1309358138187
b-7GLVYHhE_PFexbII1M7g,2025-10,37.14248163413125,-122.1294831179296
BpKQd0WWt-e-L_lz9iKEtQ,2025-10,37.14231717853909,-122.129423848562
sLX-AMmPcaT-TQfdmMM6Gg,2011-05,37.14242369503742,-122.1019319213064
O2p6csq-hXcA8vKrbM6qcg,2011-05,37.14225426216601,-122.1018804374201
5W8TG2kbD7mAY0cVTF0plQ,2025-10,37.14302054294149,-122.1339316936393
9TW-vMMTNHwk2DpvvwSwtw,2025-10,37.14283625074564,-122.1339276212054
ZxJa9Y1p8QzlLlB8Pu4rNQ,2025-10,37.14277011359933,-122.1336292066999
kmUkdpKK-jl65lYKNk6oSw,2025-10,37.14292248827731,-122.1335164778928
-CbVYHXhlO27U2RhuJfXTg,2023-05,37.14282813490734,-122.1318919915846
SQ8RkPnlKkwgxNnNMBZ2Cg,2011-05,37.1428195079996,-122.1308197028471
de7N47RvW4OFimVbZj91LQ,2011-05,37.14292253820064,-122.130773951624
YgUy7CgFiZMl7xZB-_VgGw,2025-10,37.14283535302773,-122.1295655230927
8t3kMBE75bO4ACPgB5xxkg,2011-05,37.14307462011744,-122.1021823198588
KwRYVmvx0OeSi7nf1pvt4A,2011-05,37.14280132916103,-122.102032808851
Upd3B_nH7x4uMw6PMK2Abw,2011-05,37.1427101632837,-122.101996666159
Xebeb4L4pUzMTZhjKXvBOA,2025-10,37.14329983932682,-122.1339605472618
HK7zDpLHLnsaWrr7xq3dOg,2025-10,37.14336473281369,-122.1333981168511
0SXb5roNdTS8T3JbPGv1gA,2025-10,37.14314903298981,-122.1319378289829
LqMP2c3Z_NK5vLGIyb2sFQ,2025-10,37.14325959576801,-122.1319536857721
g1dXxGgLUpBLkrXF2WWVPQ,2025-10,37.14332704399911,-122.1315735554353
pnv-5W00MZtj68NgP-xQ2A,2011-05,37.1432015652709,-122.130644756304
UeNUs9KP322xps4gKGqnAQ,2011-05,37.14342768270165,-122.130475961649
UfmNJFaTUKjpN7docc-wPw,2025-10,37.14333427856712,-122.1296818953663
S0TfnXJ2IU5V0pqxXRPXbg,2025-10,37.14324394323374,-122.129661099139
658n0ega0hbLRWiRrDtKaQ,2011-05,37.14340451323726,-122.1023931083608
iCJndQoUHs5domRG1QLlTw,2011-05,37.14323667682093,-122.102302275208
aJ2JBkoboqyNJeO7vuPN2Q,2025-10,37.14365894738464,-122.1340182544836
MQbfBtx38ZBX9GgUHUfFIQ,2025-10,37.14374901333201,-122.1340338510248
Dd6XG5M3rmoDpdd9hpcSWQ,2025-10,37.14372802821224,-122.133331397905
Ibl9Biibx7sGBlG0uxuOcw,2025-10,37.14379127468477,-122.1320178060981
Lbl2vIsWzVuH-PRPe_6CbQ,2025-10,37.14370145641282,-122.1320069749646
UOqWXtn6EQBukQQRzwoUOw,2025-10,37.14363034892122,-122.1313117872196
SO83M9bu1hTJzVO9149HAA,2025-10,37.1438725461414,-122.1311522651322
1yWzx6SM36JvQsfuWeUGYQ,2025-10,37.14370596545964,-122.1301625470539
z0UCqxObpKyFNa2ljYYALA,2025-10,37.14349730229389,-122.1299437541858
qvpw3l611OMXzlnybDKydA,2025-10,37.1434047867103,-122.1297694994299
zZl9NQw70EVLUZzivn4daw,2011-05,37.14369162804579,-122.1024469321682
K5V_FGviQNkoy7qE9o4YCQ,2011-05,37.14378163793032,-122.1024413851104
2aD_kBHChvOuh_btSEqieQ,2025-10,37.14420046894558,-122.1341005695365
ZLvFULtmnDytLcIBlkaeIA,2025-10,37.14411168012639,-122.1340873124849
FsUCmzd9LK9cBraVJMmeQw,2025-10,37.14413285992219,-122.1332322725376
p1sPjy-PCH8vbX9Nw6m1iQ,2025-10,37.14424588119676,-122.1320741279746
loanip6W0L_qgj5VmDR3Qg,2025-10,37.14415356922429,-122.1320606107269
BwNCPO8YVHHs_jx1KBZa1A,2025-10,37.14403950009594,-122.1310615427971
xuAYbhmaavc-1aODS9ngrQ,2025-10,37.14420519981972,-122.1309810450738
85F2WtfwTczHP4pKwFyN9w,2025-10,37.14380332487218,-122.1301698257001
RDcfGFZ6E7YvUvm4YX4OHA,2011-05,37.14415978043132,-122.1025281445291
XKWyLg04bv02nUCk-Y1f2A,2011-05,37.14406577732343,-122.1024982424396
SXwgIvkAN7wKLXVJI1ossA,2025-10,37.14491882293435,-122.1345554673803
rfl_BO3TSw5M-Jl2kVZ-sg,2025-10,37.14464374682125,-122.1342640730394
1yTJ-Mg6mhUVOqicY3BwHw,2025-10,37.14459623275977,-122.1337227862504
2Ekhx79koGxoqP7HMnCfSg,2025-10,37.1443989737672,-122.1333385030415
bKp6DELFgHJVvYosfzSI1g,2025-10,37.14469936216759,-122.1321713481293
9NZG-Uv5AGIArZvbO9sZQw,2025-10,37.14461050792449,-122.1321451801462
QDVQd0DFWcMI3zbMkmw38g,2025-10,37.14442872221997,-122.1321046284247
pw3A4AyEpnnwe7OUkowe5g,2025-10,37.14461516083642,-122.1307567949103
z85Be_08Wr2huoQnifTsnw,2025-10,37.14480297966652,-122.130530204724
_HGbXl7Hhcl4soXTJLhopQ,2025-10,37.14512612949306,-122.1298588364384
hw7TjM1d3KreIm6dxbbyQg,2011-05,37.14479720679874,-122.1027888557303
ibiW09t2cQGJiokYZFDb0Q,2011-05,37.1446263687862,-122.1026812084288
