id,lat,lng,fast,overhead,sv,combined,has_sv,reason
M00000,33.162796,-105.801806,0,0,-1,0,False,
M00001,33.162385,-105.802022,1,1,-1,1,False,
M00002,33.164889,-105.800721,0,0,-1,0,False,
M00003,33.164739,-105.800215,2,2,-1,2,False,
M00004,33.163930,-105.801275,1,1,-1,1,False,
M00005,33.163510,-105.801467,1,1,-1,1,False,
M00006,33.163091,-105.801660,0,0,-1,0,False,
M00007,33.155712,-105.778633,1,1,-1,1,False,
M00008,33.060544,-105.711209,1,1,-1,1,False,
M00009,33.060303,-105.711662,2,2,-1,2,False,
M00010,33.162828,-105.804225,2,2,-1,2,False,
M00011,33.163225,-105.804477,1,1,-1,1,False,
M00012,33.081437,-105.714668,1,1,-1,1,False,
M00013,33.163033,-105.802722,1,1,-1,1,False,
M00014,33.163089,-105.803255,1,1,-1,1,False,
M00015,33.159658,-105.791785,2,2,-1,2,False,
M00016,33.159859,-105.791304,2,2,-1,2,False,
M00017,33.160060,-105.790823,1,1,-1,1,False,
M00018,33.165441,-105.802712,1,1,-1,1,False,
M00019,33.162933,-105.801733,1,1,-1,1,False,
M00020,33.162987,-105.802266,0,0,-1,0,False,
M00021,33.165407,-105.817080,1,1,-1,1,False,
M00022,33.164882,-105.812498,1,1,-1,1,False,
M00023,33.161002,-105.792651,1,1,-1,1,False,
M00024,33.156072,-105.778574,1,1,-1,1,False,
M00025,33.164889,-105.800721,1,1,-1,1,False,
M00026,33.165307,-105.800524,1,1,-1,1,False,
M00027,33.146489,-105.748564,2,2,-1,2,False,
M00028,33.146747,-105.748124,1,1,-1,1,False,
M00029,33.159705,-105.770775,4,2,-1,2,False,"The line route (cyan) runs through semi-arid scrubland with scattered low shrubs/bushes rather than tall continuous forest canopy. There is no clearly cleared corridor visible, but the vegetation is low and patchy with bare ground throughout, so encroachment risk to conductors is limited. Some bushes are near the route but they appear short."
M00030,33.159975,-105.770677,2,2,-1,2,False,
M00031,33.160404,-105.770517,1,1,-1,1,False,
M00032,33.160833,-105.770357,1,1,-1,1,False,
M00033,33.160816,-105.789539,2,2,-1,2,False,
M00034,33.161257,-105.789647,1,1,-1,1,False,
M00035,33.163978,-105.804774,1,1,-1,1,False,
M00036,33.163550,-105.804611,1,1,-1,1,False,
M00037,33.163871,-105.823920,2,2,-1,2,False,
M00038,33.163517,-105.826231,1,1,-1,1,False,
M00039,33.163169,-105.825891,1,1,-1,1,False,
M00040,33.161002,-105.792651,1,1,-1,1,False,
M00041,33.160759,-105.793104,1,1,-1,1,False,
M00042,33.160517,-105.793556,2,2,-1,2,False,
M00043,33.081441,-105.714757,1,1,-1,1,False,
M00044,33.081488,-105.715291,1,1,-1,1,False,
M00045,33.153002,-105.763923,1,1,-1,1,False,
M00046,33.153400,-105.763672,2,2,-1,2,False,
M00047,33.162433,-105.803978,1,1,-1,1,False,
M00048,33.163078,-105.807357,3,4,3,5,True,"The marked line route runs through an area of dense mixed tree canopy with no obvious cleared right-of-way. Trees press directly into the corridor path from both sides with little visible clearance, indicating significant encroachment that could contact conductors."
M00049,33.161112,-105.770252,1,1,-1,1,False,
M00050,33.160969,-105.769743,1,1,-1,1,False,
M00051,33.155965,-105.782176,0,0,-1,0,False,
M00052,33.162826,-105.796786,1,1,-1,1,False,
M00053,33.162537,-105.796374,2,2,-1,2,False,
M00054,33.162247,-105.795963,1,1,-1,1,False,
M00055,33.158201,-105.793874,1,1,-1,1,False,
M00056,33.159003,-105.790493,2,2,-1,2,False,
M00057,33.158777,-105.790958,2,2,-1,2,False,
M00058,33.162172,-105.795856,1,1,-1,1,False,
M00059,33.161985,-105.795368,1,1,-1,1,False,
M00060,33.161798,-105.794879,1,1,-1,1,False,
M00061,33.161750,-105.794753,1,1,-1,1,False,
M00062,33.161571,-105.794260,1,1,-1,1,False,
M00063,33.164067,-105.798694,1,1,-1,1,False,
M00064,33.163784,-105.798277,1,1,-1,1,False,
M00065,33.165811,-105.800262,1,1,-1,1,False,
M00066,33.165927,-105.799743,1,1,-1,1,False,
M00067,33.166044,-105.799224,1,1,-1,1,False,
M00068,33.160702,-105.792500,1,1,-1,1,False,
M00069,33.160312,-105.792232,2,2,-1,2,False,
M00070,33.159922,-105.791965,2,2,-1,2,False,
M00071,33.161802,-105.800467,0,0,-1,0,False,
M00072,33.162248,-105.800399,1,1,-1,1,False,
M00073,33.164889,-105.800721,0,0,-1,0,False,
M00074,33.164484,-105.800955,1,1,-1,1,False,
M00075,33.164079,-105.801188,2,2,-1,2,False,
M00076,33.165811,-105.800262,1,1,-1,1,False,
M00077,33.166225,-105.800055,1,1,-1,1,False,
M00078,33.159195,-105.770281,1,1,-1,1,False,
M00079,33.159544,-105.770619,2,2,-1,2,False,
M00080,33.163694,-105.798145,1,1,-1,1,False,
M00081,33.163421,-105.797718,1,1,-1,1,False,
M00082,33.163148,-105.797291,1,1,-1,1,False,
M00083,33.162875,-105.796864,0,0,-1,0,False,
M00084,33.160249,-105.790219,1,1,-1,1,False,
M00085,33.160453,-105.768037,1,1,-1,1,False,
M00086,33.160016,-105.768161,1,1,-1,1,False,
M00087,33.160747,-105.767952,1,1,-1,1,False,
M00088,33.160638,-105.767431,1,1,-1,1,False,
M00089,33.160529,-105.766910,1,1,-1,1,False,
M00090,33.160420,-105.766389,1,1,-1,1,False,
M00091,33.158713,-105.791089,2,2,-1,2,False,
M00092,33.159096,-105.791371,2,2,-1,2,False,
M00093,33.159479,-105.791653,2,2,-1,2,False,
M00094,33.156313,-105.786926,1,1,-1,1,False,
M00095,33.156647,-105.786567,1,1,-1,1,False,
M00096,33.059892,-105.711535,4,5,0,5,True,"The cyan line marking the corridor passes directly through dense tall tree canopy on the left/center portion of the tile. Trees clearly overhang the route around the marker, with heavy canopy pressing in and over the line, indicating high contact risk."
M00097,33.059395,-105.711226,0,0,-1,0,False,
M00098,33.059794,-105.711474,0,0,-1,0,False,
M00099,33.058835,-105.710476,1,1,-1,1,False,
M00100,33.059134,-105.710877,1,1,-1,1,False,
M00101,33.058864,-105.709333,1,1,-1,1,False,
M00102,33.058850,-105.709869,1,1,-1,1,False,
M00103,33.058837,-105.710405,1,1,-1,1,False,
M00104,33.165523,-105.800422,1,1,-1,1,False,
M00105,33.161146,-105.795961,0,0,-1,0,False,
M00106,33.161594,-105.795915,1,1,-1,1,False,
M00107,33.162042,-105.795869,1,1,-1,1,False,
M00108,33.165788,-105.804040,1,1,-1,1,False,
M00109,33.165661,-105.803525,2,2,-1,2,False,
M00110,33.164458,-105.799262,1,1,-1,1,False,
M00111,33.164173,-105.798847,1,1,-1,1,False,
M00112,33.165584,-105.803215,2,2,-1,2,False,
M00113,33.119510,-105.729189,4,5,-1,5,False,"The cyan line indicating the power line route passes directly through dense tall tree canopy on the right side of the tile, with trees clearly overhanging the corridor. The marker endpoint sits among heavy vegetation, indicating significant canopy directly over the line route."
M00114,33.119629,-105.728671,2,2,-1,2,False,
M00115,33.158496,-105.789833,1,1,-1,1,False,
M00116,33.158800,-105.790229,1,1,-1,1,False,
M00117,33.164504,-105.795132,1,1,-1,1,False,
M00118,33.164079,-105.794956,1,1,-1,1,False,
M00119,33.156557,-105.790743,2,2,-1,2,False,
M00120,33.155912,-105.790921,2,2,-1,2,False,
M00121,33.155521,-105.790656,1,1,-1,1,False,
M00122,33.160849,-105.769313,1,1,-1,1,False,
M00123,33.160809,-105.768778,1,1,-1,1,False,
M00124,33.160769,-105.768243,1,1,-1,1,False,
M00125,33.159550,-105.796576,1,1,-1,1,False,
M00126,33.159668,-105.796058,1,1,-1,1,False,
M00127,33.162796,-105.801806,0,0,-1,0,False,
M00128,33.163064,-105.795241,1,1,-1,1,False,
M00129,33.162675,-105.795510,1,1,-1,1,False,
M00130,33.162285,-105.795778,1,1,-1,1,False,
M00131,33.165811,-105.800262,1,1,-1,1,False,
M00132,33.165428,-105.799979,2,2,-1,2,False,
M00133,33.165046,-105.799696,1,1,-1,1,False,
M00134,33.164664,-105.799413,1,1,-1,1,False,
M00135,33.163708,-105.794802,1,1,-1,1,False,
M00136,33.163318,-105.795068,1,1,-1,1,False,
M00137,33.166140,-105.798796,1,1,-1,1,False,
M00138,33.165967,-105.798300,1,1,-1,1,False,
M00139,33.160130,-105.790655,2,2,-1,2,False,
M00140,33.160249,-105.790219,1,1,-1,1,False,
M00141,33.160566,-105.789839,1,1,-1,1,False,
M00142,33.161112,-105.770252,1,1,-1,1,False,
M00143,33.161522,-105.770474,1,1,-1,1,False,
M00144,33.161720,-105.770582,1,1,-1,1,False,
M00145,33.162119,-105.770829,1,1,-1,1,False,
M00146,33.162464,-105.771043,1,1,-1,1,False,
M00147,33.162912,-105.771094,1,1,-1,1,False,
M00148,33.166317,-105.771473,4,2,-1,2,False,"The line route (cyan) crosses arid scrubland with scattered low shrubs/small trees. There is no dense tall canopy directly over the corridor, and no cleared right-of-way is evident. Vegetation is low and patchy, posing minimal contact risk to conductors."
M00149,33.166534,-105.771943,5,4,-1,4,False,"The line route (cyan) runs through what appears to be continuous scrubby/tree canopy with no visible cleared corridor or track. Vegetation presses directly into the route from both sides with little clearance, though the canopy appears lower/mixed rather than tall dense forest, so encroachment is high but not maximal."
M00150,33.166751,-105.772413,1,1,-1,1,False,
M00151,33.167361,-105.774763,1,1,-1,1,False,
M00152,33.167345,-105.775299,1,1,-1,1,False,
M00153,33.167332,-105.775745,1,1,-1,1,False,
M00154,33.167141,-105.776231,4,5,-1,5,False,"The marked line (cyan) crosses directly through dense tree canopy with no cleared right-of-way along its path. The trees press right up to and over the route, indicating heavy overhang risk near conductors."
M00155,33.166949,-105.776717,1,1,-1,1,False,
M00156,33.167401,-105.773824,5,3,-1,3,False,"The cyan line marks the feeder route with a junction near center. Terrain is scrubby/sparse vegetation with scattered shrubs and small trees, but no obvious cleared corridor. Moderate vegetation pressing near the route edges, though canopy is low and not densely overhanging."
M00157,33.167378,-105.774360,1,1,-1,1,False,
M00158,33.166940,-105.772822,4,1,-1,1,False,"The terrain appears to be low scrub or sparse vegetation with no visible cleared corridor. There are no tall trees overhanging the marked line route; the vegetation is low and patchy, leaving the route reasonably clear."
M00159,33.167157,-105.773293,5,1,-1,1,False,"The terrain appears to be sparse, low-growing scrub vegetation on arid/mountainous ground. There is no dense tall tree canopy overhanging the marked line route, and no cleared corridor pressing trees are visible. Vegetation looks low and well clear of the conductors."
M00160,33.167373,-105.773764,2,2,-1,2,False,
M00161,33.165238,-105.771352,4,2,-1,2,False,"The line route (cyan) crosses arid, sparsely vegetated terrain with scattered low shrubs and bushes. There is no tall tree canopy overhanging or pressing into the corridor; the vegetation appears low and the corridor looks reasonably clear, though some scattered shrubs are nearby."
M00162,33.165686,-105.771402,1,1,-1,1,False,
M00163,33.166134,-105.771452,5,3,-1,3,False,"The line route (cyan) runs through scrubby/patchy vegetation with scattered shrubs and small trees. No clearly cleared corridor is visible, and vegetation is moderately close along the route, but the canopy appears low/sparse rather than tall trees directly overhanging, indicating moderate encroachment."
M00164,33.164375,-105.771257,4,2,-1,2,False,"The terrain shows scattered low shrub/scrub vegetation typical of arid land, with no visible cleared corridor or road. The vegetation appears to be low brush rather than tall canopy trees, so contact risk with overhead conductors is low. Some bushes are near the line route but they are sparse and not tall."
M00165,33.164823,-105.771306,4,1,-1,1,False,"The line route (cyan) crosses arid scrubland with scattered low shrubs and small bushes. There is no tall tree canopy overhanging or pressing into the corridor; vegetation is low and sparse, posing minimal contact risk."
M00166,33.163187,-105.771124,2,2,-1,2,False,
M00167,33.163635,-105.771174,4,2,-1,2,False,The line route is marked but there is no obvious cleared corridor. Terrain is sparse arid scrub/brush with scattered low shrubs; vegetation appears low and lacks tall tree canopy that could overhang conductors. Reasonably clear with only minor low vegetation nearby.
M00168,33.164082,-105.771224,4,1,-1,1,False,"The terrain appears to be sparse, low scrub/shrub vegetation over arid ground with scattered dark patches, not tall forest canopy. No cleared corridor or road is visible, only the marked line route. The vegetation is low and well clear of any conductors, posing little contact risk."
M00169,33.152366,-105.760739,1,1,-1,1,False,
M00170,33.152381,-105.760723,1,1,-1,1,False,
M00171,33.152721,-105.760371,1,1,-1,1,False,
M00172,33.156970,-105.782577,1,1,-1,1,False,
M00173,33.157323,-105.782910,1,1,-1,1,False,
M00174,33.156257,-105.782294,1,1,-1,1,False,
M00175,33.156684,-105.782464,0,0,-1,0,False,
M00176,33.158131,-105.781565,2,2,-1,2,False,
M00177,33.158418,-105.781152,1,1,-1,1,False,
M00178,33.157467,-105.783045,1,1,-1,1,False,
M00179,33.157679,-105.782572,1,1,-1,1,False,
M00180,33.157892,-105.782098,1,1,-1,1,False,
M00181,33.158104,-105.781625,1,1,-1,1,False,
M00182,33.165441,-105.802712,1,1,-1,1,False,
M00183,33.165878,-105.802582,1,1,-1,1,False,
M00184,33.094503,-105.713612,3,4,4,5,True,"A single conductor is faintly visible in the upper right sky. Tall pine trees, clearly as tall or taller than the line height, populate the entire hillside within a span-width of the corridor. Nearest trees appear AT or ABOVE conductor height, within tens of feet of the line."
M00185,33.163064,-105.795241,1,1,-1,1,False,
M00186,33.163070,-105.794704,0,0,-1,0,False,
M00187,33.163077,-105.794167,1,1,-1,1,False,
M00188,33.163078,-105.794064,0,0,-1,0,False,
M00189,33.163084,-105.793527,1,1,-1,1,False,
M00190,33.058864,-105.709333,1,1,-1,1,False,
M00191,33.058650,-105.708861,2,2,-1,2,False,
M00192,33.163064,-105.795241,1,1,-1,1,False,
M00193,33.162709,-105.794912,1,1,-1,1,False,
M00194,33.163694,-105.798145,1,1,-1,1,False,
M00195,33.163989,-105.797919,2,2,-1,2,False,
M00196,33.153575,-105.763561,1,1,-1,1,False,
M00197,33.165341,-105.802300,1,1,-1,1,False,
M00198,33.165197,-105.801795,1,1,-1,1,False,
M00199,33.165051,-105.801287,1,1,-1,1,False,
M00200,33.164906,-105.800779,1,1,-1,1,False,
M00201,33.158496,-105.789833,1,1,-1,1,False,
M00202,33.158239,-105.789393,1,1,-1,1,False,
M00203,33.158087,-105.789133,1,1,-1,1,False,
M00204,33.157846,-105.788679,1,1,-1,1,False,
M00205,33.123979,-105.731725,1,1,-1,1,False,
M00206,33.124189,-105.731471,1,1,-1,1,False,
M00207,33.124507,-105.731092,1,1,-1,1,False,
M00208,33.124825,-105.730712,1,1,-1,1,False,
M00209,33.160747,-105.767952,1,1,-1,1,False,
M00210,33.079633,-105.713423,1,1,-1,1,False,
M00211,33.079772,-105.712912,1,1,-1,1,False,
M00212,33.079829,-105.712706,1,1,-1,1,False,
M00213,33.079973,-105.712198,1,1,-1,1,False,
M00214,33.162788,-105.800413,1,1,-1,1,False,
M00215,33.162297,-105.800391,1,1,-1,1,False,
M00216,33.162747,-105.800411,1,1,-1,1,False,
M00217,33.162788,-105.800413,1,1,-1,1,False,
M00218,33.162767,-105.799877,0,0,-1,0,False,
M00219,33.104643,-105.719172,1,1,-1,1,False,
M00220,33.104568,-105.719444,1,1,-1,1,False,
M00221,33.104428,-105.719954,1,1,-1,1,False,
M00222,33.163989,-105.797919,1,1,-1,1,False,
M00223,33.164085,-105.797394,1,1,-1,1,False,
M00224,33.161422,-105.793849,1,1,-1,1,False,
M00225,33.161248,-105.793354,1,1,-1,1,False,
M00226,33.161196,-105.793204,1,1,-1,1,False,
M00227,33.161022,-105.792709,1,1,-1,1,False,
M00228,33.166591,-105.799872,1,1,-1,1,False,
M00229,33.166849,-105.800312,0,0,-1,0,False,
M00230,33.080002,-105.712097,1,1,-1,1,False,
M00231,33.080447,-105.712023,1,1,-1,1,False,
M00232,33.163078,-105.825801,1,1,-1,1,False,
M00233,33.160526,-105.790511,1,1,-1,1,False,
M00234,33.160879,-105.790844,2,2,-1,2,False,
M00235,33.160994,-105.790952,1,1,-1,1,False,
M00236,33.161347,-105.791285,1,1,-1,1,False,
M00237,33.154483,-105.771871,0,0,-1,0,False,
M00238,33.154918,-105.772008,2,2,-1,2,False,
M00239,33.164074,-105.822068,1,1,-1,1,False,
M00240,33.161932,-105.803206,1,1,-1,1,False,
M00241,33.162390,-105.805493,2,2,-1,2,False,
M00242,33.162285,-105.804970,3,5,1,5,True,"The cyan line indicating the power line route passes directly through a dense cluster of tall trees in the center and right of the tile. The canopy is clearly directly over the corridor with significant overhang, posing a high contact risk."
M00243,33.162179,-105.804448,2,2,-1,2,False,
M00244,33.158762,-105.770922,1,1,-1,1,False,
M00245,33.154961,-105.772022,5,4,0,4,True,"The marked line route passes directly through a band of tall tree canopy in the center of the tile. The trees press right into the corridor with little visible clearance, indicating significant encroachment that could contact conductors."
M00246,33.155384,-105.772204,0,0,-1,0,False,
M00247,33.155807,-105.772387,0,0,-1,0,False,
M00248,33.155798,-105.785015,2,2,-1,2,False,
M00249,33.155821,-105.785552,2,2,-1,2,False,
M00250,33.152905,-105.767413,0,0,-1,0,False,
M00251,33.153021,-105.767932,0,0,-1,0,False,
M00252,33.153138,-105.768451,0,0,-1,0,False,
M00253,33.153446,-105.769846,0,0,-1,0,False,
M00254,33.157386,-105.770754,1,1,-1,1,False,
M00255,33.157433,-105.770220,0,0,-1,0,False,
M00256,33.158511,-105.769901,1,1,-1,1,False,
M00257,33.131973,-105.737450,1,1,-1,1,False,
M00258,33.131523,-105.737446,1,1,-1,1,False,
M00259,33.152279,-105.762722,1,1,-1,1,False,
M00260,33.152197,-105.762194,1,1,-1,1,False,
M00261,33.152116,-105.761666,1,1,-1,1,False,
M00262,33.060022,-105.708318,1,1,-1,1,False,
M00263,33.059648,-105.708020,2,2,-1,2,False,
M00264,33.155627,-105.783000,1,1,-1,1,False,
M00265,33.155673,-105.783535,1,1,-1,1,False,
M00266,33.157241,-105.772590,0,0,-1,0,False,
M00267,33.157273,-105.772054,2,2,-1,2,False,
M00268,33.164891,-105.826601,1,1,-1,1,False,
M00269,33.164834,-105.826068,1,1,-1,1,False,
M00270,33.123313,-105.731768,1,1,-1,1,False,
M00271,33.122964,-105.731429,2,2,-1,2,False,
M00272,33.156939,-105.792378,1,1,-1,1,False,
M00273,33.157183,-105.792829,1,1,-1,1,False,
M00274,33.157427,-105.793280,1,1,-1,1,False,
M00275,33.164740,-105.818460,1,1,-1,1,False,
M00276,33.164308,-105.818310,0,0,-1,0,False,
M00277,33.163877,-105.818159,4,5,-1,5,False,"The marked line passes directly through dense tall tree canopy with no visible cleared right-of-way. Trees overhang the entire route with no maintained corridor, indicating heavy vegetation directly over the conductors."
M00278,33.164566,-105.819502,1,1,-1,1,False,
M00279,33.164654,-105.818976,1,1,-1,1,False,
M00280,33.155356,-105.779686,1,1,-1,1,False,
M00281,33.155401,-105.780220,0,0,-1,0,False,
M00282,33.155423,-105.780482,1,1,-1,1,False,
M00283,33.154834,-105.780029,1,1,-1,1,False,
M00284,33.163254,-105.824189,1,1,-1,1,False,
M00285,33.163050,-105.824668,2,2,-1,2,False,
M00286,33.159689,-105.797536,1,1,-1,1,False,
M00287,33.159945,-105.797977,1,1,-1,1,False,
M00288,33.160123,-105.798285,2,2,-1,2,False,
M00289,33.160371,-105.798733,1,1,-1,1,False,
M00290,33.160619,-105.799181,1,1,-1,1,False,
M00291,33.164911,-105.816029,1,1,-1,1,False,
M00292,33.164886,-105.815493,0,0,-1,0,False,
M00293,33.157438,-105.770171,0,0,-1,0,False,
M00294,33.157815,-105.769880,0,0,-1,0,False,
M00295,33.155580,-105.782421,1,1,-1,1,False,
M00296,33.156012,-105.782571,0,0,-1,0,False,
M00297,33.152489,-105.763655,0,0,-1,0,False,
M00298,33.152372,-105.763136,1,1,-1,1,False,
M00299,33.153562,-105.770402,1,1,-1,1,False,
M00300,33.164860,-105.813568,1,1,-1,1,False,
M00301,33.164640,-105.813100,1,1,-1,1,False,
M00302,33.155187,-105.779797,1,1,-1,1,False,
M00303,33.152553,-105.765687,1,1,-1,1,False,
M00304,33.155680,-105.783621,1,1,-1,1,False,
M00305,33.112732,-105.723951,1,1,-1,1,False,
M00306,33.112342,-105.723683,1,1,-1,1,False,
M00307,33.111953,-105.723414,1,1,-1,1,False,
M00308,33.153561,-105.773638,1,1,-1,1,False,
M00309,33.155829,-105.785736,3,4,5,5,True,"Overhead conductors run across the upper portion of the image. The large tree on the left clearly rises ABOVE the conductor lines and its crown is directly under/touching the line corridor, presenting an overtopping risk. It is within the line span, essentially at the corridor."
M00310,33.155880,-105.786269,4,5,-1,5,False,"The marked line route (cyan) runs directly across continuous dense tall tree canopy with no visible cleared corridor. Trees clearly cover and overhang the entire line path, indicating heavy vegetation that could contact conductors."
M00311,33.155932,-105.786803,4,5,-1,5,False,"The cyan line marks the corridor route crossing dense, continuous tall tree canopy on the right/east side. There is no cleared right-of-way through the forest; trees directly overhang the line path with no visible clearance, indicating high contact risk."
M00312,33.164939,-105.816629,1,1,-1,1,False,
M00313,33.164914,-105.816093,1,1,-1,1,False,
M00314,33.154265,-105.773555,1,1,-1,1,False,
M00315,33.153818,-105.773608,1,1,-1,1,False,
M00316,33.158796,-105.770531,1,1,-1,1,False,
M00317,33.060502,-105.709924,2,2,-1,2,False,
M00318,33.128034,-105.736395,4,1,-1,1,False,"The line corridor runs across open, low scrubby/grassy terrain with a dirt track on the left side. There are only a few scattered trees in the corners; the area directly along the route is largely clear of tall canopy, so encroachment risk is low."
M00319,33.127685,-105.736058,2,2,-1,2,False,
M00320,33.164003,-105.822347,1,1,-1,1,False,
M00321,33.163809,-105.822831,1,1,-1,1,False,
M00322,33.163615,-105.823316,1,1,-1,1,False,
M00323,33.164102,-105.811961,2,2,-1,2,False,
M00324,33.163882,-105.811493,2,2,-1,2,False,
M00325,33.064207,-105.710920,1,1,-1,1,False,
M00326,33.063764,-105.711014,1,1,-1,1,False,
M00327,33.153904,-105.771937,1,1,-1,1,False,
M00328,33.154020,-105.772456,1,1,-1,1,False,
M00329,33.154136,-105.772975,1,1,-1,1,False,
M00330,33.154252,-105.773494,1,1,-1,1,False,
M00331,33.063517,-105.711066,1,1,-1,1,False,
M00332,33.063080,-105.711195,0,0,-1,0,False,
M00333,33.160725,-105.799373,0,0,-1,0,False,
M00334,33.160970,-105.799823,1,1,-1,1,False,
M00335,33.153562,-105.770402,1,1,-1,1,False,
M00336,33.153252,-105.773667,1,1,-1,1,False,
M00337,33.153300,-105.774201,0,0,-1,0,False,
M00338,33.154416,-105.774198,1,1,-1,1,False,
M00339,33.154530,-105.774718,0,0,-1,0,False,
M00340,33.154643,-105.775238,1,1,-1,1,False,
M00341,33.155162,-105.777410,1,1,-1,1,False,
M00342,33.155205,-105.777945,2,2,-1,2,False,
M00343,33.128398,-105.736748,1,1,-1,1,False,
M00344,33.128049,-105.736409,2,2,-1,2,False,
M00345,33.155315,-105.779240,1,1,-1,1,False,
M00346,33.139002,-105.741322,1,1,-1,1,False,
M00347,33.138690,-105.740935,1,1,-1,1,False,
M00348,33.158105,-105.769853,0,0,-1,0,False,
M00349,33.155856,-105.772408,1,1,-1,1,False,
M00350,33.156304,-105.772464,1,1,-1,1,False,
M00351,33.156460,-105.772484,1,1,-1,1,False,
M00352,33.156907,-105.772533,0,0,-1,0,False,
M00353,33.124203,-105.732673,1,1,-1,1,False,
M00354,33.157300,-105.771655,1,1,-1,1,False,
M00355,33.157351,-105.771122,1,1,-1,1,False,
M00356,33.157874,-105.769835,0,0,-1,0,False,
M00357,33.057523,-105.705814,1,1,-1,1,False,
M00358,33.155795,-105.784968,2,2,-1,2,False,
M00359,33.164610,-105.821216,1,1,-1,1,False,
M00360,33.164463,-105.820708,0,0,-1,0,False,
M00361,33.153573,-105.770456,1,1,-1,1,False,
M00362,33.153689,-105.770975,0,0,-1,0,False,
M00363,33.153805,-105.771494,1,1,-1,1,False,
M00364,33.060367,-105.709450,2,2,-1,2,False,
M00365,33.060214,-105.708946,1,1,-1,1,False,
M00366,33.060060,-105.708442,1,1,-1,1,False,
M00367,33.164391,-105.820459,4,2,-1,2,False,"The corridor (cyan lines) runs alongside a highway through an area of scrubby low vegetation and scattered small trees/bushes. There are some shrubs and small trees near the route, but no tall dense canopy directly overhanging the corridor. Vegetation is mostly low scrub with a few clusters, so the line appears reasonably clear with only minor encroachment."
M00368,33.164302,-105.820985,1,1,-1,1,False,
M00369,33.165212,-105.827395,0,0,-1,0,False,
M00370,33.154265,-105.773555,1,1,-1,1,False,
M00371,33.154387,-105.774072,1,1,-1,1,False,
M00372,33.164740,-105.818460,1,1,-1,1,False,
M00373,33.164835,-105.817935,1,1,-1,1,False,
M00374,33.155580,-105.782421,1,1,-1,1,False,
M00375,33.155624,-105.782956,1,1,-1,1,False,
M00376,33.061375,-105.711190,2,2,-1,2,False,
M00377,33.158800,-105.770477,1,1,-1,1,False,
M00378,33.165212,-105.827395,0,0,-1,0,False,
M00379,33.157997,-105.794332,2,2,-1,2,False,
M00380,33.158242,-105.794782,1,1,-1,1,False,
M00381,33.154193,-105.771804,1,1,-1,1,False,
M00382,33.153315,-105.773662,1,1,-1,1,False,
M00383,33.124784,-105.733205,1,1,-1,1,False,
M00384,33.124427,-105.732878,2,2,-1,2,False,
M00385,33.095498,-105.714585,1,1,-1,1,False,
M00386,33.095073,-105.714409,1,1,-1,1,False,
M00387,33.094648,-105.714233,1,1,-1,1,False,
M00388,33.157281,-105.771907,2,2,-1,2,False,
M00389,33.164391,-105.820459,4,2,-1,2,False,"The corridor (marked by cyan lines) runs alongside a highway through low scrubby vegetation. There are scattered shrubs and small trees near the line path, but the vegetation appears mostly low-growing rather than tall canopy overhanging the conductors. Some bushes are close to the route but clearance overall looks reasonable."
M00390,33.164487,-105.819934,4,3,0,3,True,"The cyan line marks the feeder route running parallel to a highway. The terrain is scrubby vegetation with scattered trees and bushes pressing toward the corridor. There are moderate-sized trees near the line edge, particularly to the upper-right, but no dense tall canopy directly overhanging the route. This represents moderate encroachment from surrounding brush and scattered trees."
M00391,33.158483,-105.795225,1,1,-1,1,False,
M00392,33.158716,-105.795684,1,1,-1,1,False,
M00393,33.158949,-105.796144,2,2,-1,2,False,
M00394,33.159183,-105.796603,2,2,-1,2,False,
M00395,33.156946,-105.772537,0,0,-1,0,False,
M00396,33.155356,-105.779686,1,1,-1,1,False,
M00397,33.156545,-105.791639,2,2,-1,2,False,
M00398,33.156787,-105.792092,1,1,-1,1,False,
M00399,33.093860,-105.713929,2,2,-1,2,False,
M00400,33.093430,-105.713773,1,1,-1,1,False,
M00401,33.153185,-105.768663,0,0,-1,0,False,
M00402,33.153300,-105.769183,0,0,-1,0,False,
M00403,33.153414,-105.769702,1,1,-1,1,False,
M00404,33.161473,-105.801054,1,1,-1,1,False,
M00405,33.161590,-105.801572,1,1,-1,1,False,
M00406,33.153446,-105.769846,1,1,-1,1,False,
M00407,33.102516,-105.717230,1,1,-1,1,False,
M00408,33.102085,-105.717077,1,1,-1,1,False,
M00409,33.101654,-105.716924,1,1,-1,1,False,
M00410,33.101333,-105.716810,1,1,-1,1,False,
M00411,33.100902,-105.716659,1,1,-1,1,False,
M00412,33.100470,-105.716508,1,1,-1,1,False,
M00413,33.154181,-105.769832,0,0,-1,0,False,
M00414,33.153458,-105.769846,1,1,-1,1,False,
M00415,33.153907,-105.769838,1,1,-1,1,False,
M00416,33.061916,-105.711557,1,1,-1,1,False,
M00417,33.061821,-105.711489,1,1,-1,1,False,
M00418,33.061429,-105.711226,4,5,0,5,True,"The cyan line route passes directly through dense, tall tree canopy at and below the marker. There is no cleared corridor along the line path; large trees clearly overhang the route, presenting high contact risk."
M00419,33.082756,-105.713121,1,1,-1,1,False,
M00420,33.082464,-105.713332,1,1,-1,1,False,
M00421,33.082085,-105.713621,1,1,-1,1,False,
M00422,33.081706,-105.713910,1,1,-1,1,False,
M00423,33.106689,-105.720686,1,1,-1,1,False,
M00424,33.106364,-105.720315,1,1,-1,1,False,
M00425,33.106039,-105.719943,1,1,-1,1,False,
M00426,33.120633,-105.729150,2,2,-1,2,False,
M00427,33.120285,-105.728810,1,1,-1,1,False,
M00428,33.058811,-105.706451,1,1,-1,1,False,
M00429,33.058654,-105.706032,1,1,-1,1,False,
M00430,33.058210,-105.705946,1,1,-1,1,False,
M00431,33.057766,-105.705861,1,1,-1,1,False,
M00432,33.105742,-105.719602,1,1,-1,1,False,
M00433,33.105394,-105.719262,1,1,-1,1,False,
M00434,33.105047,-105.718921,1,1,-1,1,False,
M00435,33.150067,-105.755532,2,2,-1,2,False,
M00436,33.149823,-105.755081,1,1,-1,1,False,
M00437,33.149578,-105.754631,2,2,-1,2,False,
M00438,33.162551,-105.808839,1,1,-1,1,False,
M00439,33.162525,-105.808303,0,0,-1,0,False,
M00440,33.162498,-105.807767,1,1,-1,1,False,
M00441,33.162443,-105.806636,4,4,2,4,True,"The cyan line marking the corridor runs directly through dense shrub/tree canopy in the lower half of the image. The vegetation presses into and overlaps the line route, leaving little clearance, though the canopy appears more like low-medium shrubs than tall overhanging trees."
M00442,33.162418,-105.806099,2,2,-1,2,False,
M00443,33.162393,-105.805563,2,2,-1,2,False,
M00444,33.063002,-105.711218,1,1,-1,1,False,
M00445,33.062567,-105.711353,0,0,-1,0,False,
M00446,33.062483,-105.711379,0,0,-1,0,False,
M00447,33.062048,-105.711516,1,1,-1,1,False,
M00448,33.114422,-105.724966,2,2,-1,2,False,
M00449,33.113999,-105.724785,1,1,-1,1,False,
M00450,33.113741,-105.724675,1,1,-1,1,False,
M00451,33.113356,-105.724399,1,1,-1,1,False,
M00452,33.112970,-105.724122,1,1,-1,1,False,
M00453,33.111713,-105.723249,1,1,-1,1,False,
M00454,33.111328,-105.722973,1,1,-1,1,False,
M00455,33.110942,-105.722696,2,2,-1,2,False,
M00456,33.109617,-105.721923,1,1,-1,1,False,
M00457,33.109174,-105.721838,1,1,-1,1,False,
M00458,33.108730,-105.721752,1,1,-1,1,False,
M00459,33.110743,-105.722553,1,1,-1,1,False,
M00460,33.110336,-105.722325,1,1,-1,1,False,
M00461,33.109929,-105.722097,1,1,-1,1,False,
M00462,33.107377,-105.721483,1,1,-1,1,False,
M00463,33.107054,-105.721110,1,1,-1,1,False,
M00464,33.106731,-105.720736,1,1,-1,1,False,
M00465,33.108415,-105.721691,1,1,-1,1,False,
M00466,33.107971,-105.721602,1,1,-1,1,False,
M00467,33.107528,-105.721513,1,1,-1,1,False,
M00468,33.103681,-105.717829,1,1,-1,1,False,
M00469,33.103268,-105.717616,1,1,-1,1,False,
M00470,33.102855,-105.717404,1,1,-1,1,False,
M00471,33.104402,-105.718375,1,1,-1,1,False,
M00472,33.104023,-105.718087,2,2,-1,2,False,
M00473,33.100078,-105.716370,1,1,-1,1,False,
M00474,33.099647,-105.716217,1,1,-1,1,False,
M00475,33.099216,-105.716065,1,1,-1,1,False,
M00476,33.099182,-105.716053,1,1,-1,1,False,
M00477,33.098751,-105.715903,4,4,0,4,True,"The cyan line passes directly through a large cluster of trees at the center marker. While the surrounding terrain is mostly open grassland with scattered trees, the line clearly runs over and through this dense tree cluster, indicating significant canopy directly on the corridor with little clearance."
M00478,33.098319,-105.715753,1,1,-1,1,False,
M00479,33.096749,-105.715116,1,1,-1,1,False,
M00480,33.096326,-105.714936,1,1,-1,1,False,
M00481,33.095902,-105.714756,1,1,-1,1,False,
M00482,33.098027,-105.715652,1,1,-1,1,False,
M00483,33.097602,-105.715474,1,1,-1,1,False,
M00484,33.097178,-105.715296,1,1,-1,1,False,
M00485,33.096754,-105.715118,1,1,-1,1,False,
M00486,33.093058,-105.713639,1,1,-1,1,False,
M00487,33.092616,-105.713540,1,1,-1,1,False,
M00488,33.092174,-105.713440,1,1,-1,1,False,
M00489,33.091732,-105.713341,1,1,-1,1,False,
M00490,33.091727,-105.713340,1,1,-1,1,False,
M00491,33.091278,-105.713315,1,1,-1,1,False,
M00492,33.090829,-105.713291,1,1,-1,1,False,
M00493,33.090471,-105.713271,1,1,-1,1,False,
M00494,33.090022,-105.713240,0,0,-1,0,False,
M00495,33.089573,-105.713208,1,1,-1,1,False,
M00496,33.088166,-105.713125,1,1,-1,1,False,
M00497,33.087716,-105.713101,1,1,-1,1,False,
M00498,33.087267,-105.713078,1,1,-1,1,False,
M00499,33.089381,-105.713195,1,1,-1,1,False,
M00500,33.088931,-105.713169,1,1,-1,1,False,
M00501,33.088482,-105.713143,1,1,-1,1,False,
M00502,33.087129,-105.713071,1,1,-1,1,False,
M00503,33.086693,-105.712938,1,1,-1,1,False,
M00504,33.086258,-105.712805,1,1,-1,1,False,
M00505,33.164945,-105.827413,2,2,-1,2,False,
M00506,33.164994,-105.827050,1,1,-1,1,False,
M00507,33.164808,-105.825829,3,4,3,5,True,"The marked line route (cyan) runs directly through dense scrubby tree and shrub canopy that crowds and overhangs the corridor from both sides. There is little clearance, with vegetation pressing into the route, indicating significant encroachment that could contact conductors."
M00508,33.164784,-105.825292,0,0,-1,0,False,
M00509,33.164760,-105.824756,0,0,-1,0,False,
M00510,33.164743,-105.824373,1,1,-1,1,False,
M00511,33.164738,-105.823836,1,1,-1,1,False,
M00512,33.164733,-105.823299,2,2,-1,2,False,
M00513,33.164728,-105.822762,1,1,-1,1,False,
M00514,33.164750,-105.822149,1,1,-1,1,False,
M00515,33.164726,-105.822546,2,2,-1,2,False,
M00516,33.164880,-105.815381,1,1,-1,1,False,
M00517,33.164858,-105.814919,2,2,-1,2,False,
M00518,33.164859,-105.814382,1,1,-1,1,False,
M00519,33.164860,-105.813845,1,1,-1,1,False,
M00520,33.162817,-105.810095,1,1,-1,1,False,
M00521,33.162707,-105.809574,1,1,-1,1,False,
M00522,33.162596,-105.809053,1,1,-1,1,False,
M00523,33.163820,-105.811361,2,2,-1,2,False,
M00524,33.163511,-105.810971,1,1,-1,1,False,
M00525,33.163202,-105.810581,1,1,-1,1,False,
M00526,33.162893,-105.810191,0,0,-1,0,False,
M00527,33.154186,-105.770865,1,1,-1,1,False,
M00528,33.154190,-105.771402,2,2,-1,2,False,
M00529,33.154181,-105.769832,1,1,-1,1,False,
M00530,33.154184,-105.770369,0,0,-1,0,False,
M00531,33.152521,-105.765075,1,1,-1,1,False,
M00532,33.152547,-105.765602,1,1,-1,1,False,
M00533,33.151577,-105.758737,2,2,-1,2,False,
M00534,33.151538,-105.758471,4,5,-1,5,False,"The line route (cyan) runs directly through dense tall tree canopy with no cleared corridor visible. Trees overhang the entire path, indicating severe vegetation encroachment over the conductors."
M00535,33.151315,-105.758005,2,2,-1,2,False,
M00536,33.151747,-105.759625,1,1,-1,1,False,
M00537,33.151647,-105.759101,2,2,-1,2,False,
M00538,33.151927,-105.760568,1,1,-1,1,False,
M00539,33.151827,-105.760045,3,3,-1,3,False,"The cyan line marks the corridor route across mostly open scrubland. Scattered trees and shrubs are present, with some isolated trees touching the corridor line near the marker and more dense vegetation pressing in from the lower-left side. Moderate encroachment overall but no continuous dense canopy directly over the route."
M00540,33.151159,-105.757680,1,1,-1,1,False,
M00541,33.150921,-105.757225,2,2,-1,2,False,
M00542,33.150741,-105.756881,2,2,-1,2,False,
M00543,33.150510,-105.756420,2,2,-1,2,False,
M00544,33.150280,-105.755958,2,2,-1,2,False,
M00545,33.149339,-105.754189,2,2,-1,2,False,
M00546,33.149097,-105.753737,3,4,-1,4,False,"The cyan line marks the corridor crossing terrain that transitions from open scrubby ground in the upper portion to a cluster of tall trees in the lower-left and center. The line passes directly over and along the edge of a dense stand of tall canopy near the pin, with trees clearly pressing into and overhanging the route, leaving little clearance on that side."
M00547,33.148855,-105.753284,2,2,-1,2,False,
M00548,33.148272,-105.752054,4,5,-1,5,False,"The marked line route runs diagonally through dense tall tree canopy with no cleared corridor visible. Trees cover the path directly, indicating heavy overhang and high risk of conductor contact."
M00549,33.148035,-105.751598,2,2,-1,2,False,
M00550,33.148671,-105.752939,2,2,-1,2,False,
M00551,33.148458,-105.752467,4,4,-1,4,False,"The cyan line marks the power line route and a faint track/corridor is visible near the pin. Tall trees cast long shadows directly across the line path, particularly in the lower portion where dense canopy presses into and overhangs the corridor. There is no consistently cleared right-of-way, indicating significant tree encroachment with little clearance."
M00552,33.147191,-105.749930,1,1,-1,1,False,
M00553,33.146842,-105.749593,1,1,-1,1,False,
M00554,33.146492,-105.749255,1,1,-1,1,False,
M00555,33.147845,-105.751232,1,1,-1,1,False,
M00556,33.147614,-105.750772,1,1,-1,1,False,
M00557,33.147383,-105.750311,2,2,-1,2,False,
M00558,33.145872,-105.748681,5,5,-1,5,False,"The marked line runs diagonally through unbroken dense tree canopy with no visible cleared corridor or right-of-way. Tall trees cover the entire route, indicating heavy overhang directly over the conductors."
M00559,33.145512,-105.748358,2,2,-1,2,False,
M00560,33.145196,-105.748073,1,1,-1,1,False,
M00561,33.144857,-105.747721,1,1,-1,1,False,
M00562,33.144518,-105.747369,2,2,-1,2,False,
M00563,33.144178,-105.747016,1,1,-1,1,False,
M00564,33.143159,-105.746112,1,1,-1,1,False,
M00565,33.142816,-105.745765,1,1,-1,1,False,
M00566,33.142473,-105.745418,1,1,-1,1,False,
M00567,33.144169,-105.747006,2,2,-1,2,False,
M00568,33.143808,-105.746686,1,1,-1,1,False,
M00569,33.143447,-105.746366,1,1,-1,1,False,
M00570,33.142380,-105.745324,0,0,-1,0,False,
M00571,33.142061,-105.744946,1,1,-1,1,False,
M00572,33.141741,-105.744568,1,1,-1,1,False,
M00573,33.141602,-105.744403,1,1,-1,1,False,
M00574,33.141283,-105.744025,1,1,-1,1,False,
M00575,33.140964,-105.743647,1,1,-1,1,False,
M00576,33.140644,-105.743269,5,4,-1,4,False,"The line route (cyan) crosses continuous tree/scrub canopy with no visible cleared corridor or road. Vegetation appears to extend right up to and over the route, indicating heavy encroachment with little clearance, though resolution is low and no distinct corridor is cut."
M00577,33.140496,-105.743093,1,1,-1,1,False,
M00578,33.140176,-105.742714,2,2,-1,2,False,
M00579,33.140047,-105.742561,1,1,-1,1,False,
M00580,33.139728,-105.742182,1,1,-1,1,False,
M00581,33.139537,-105.741954,1,1,-1,1,False,
M00582,33.139217,-105.741576,1,1,-1,1,False,
M00583,33.136620,-105.739421,2,2,-1,2,False,
M00584,33.136226,-105.739164,1,1,-1,1,False,
M00585,33.135963,-105.738993,1,1,-1,1,False,
M00586,33.135574,-105.738722,1,1,-1,1,False,
M00587,33.137276,-105.739835,1,1,-1,1,False,
M00588,33.136878,-105.739584,1,1,-1,1,False,
M00589,33.138458,-105.740647,1,1,-1,1,False,
M00590,33.138068,-105.740379,1,1,-1,1,False,
M00591,33.137678,-105.740111,1,1,-1,1,False,
M00592,33.137289,-105.739843,1,1,-1,1,False,
M00593,33.135311,-105.738539,1,1,-1,1,False,
M00594,33.134921,-105.738271,1,1,-1,1,False,
M00595,33.134782,-105.738176,1,1,-1,1,False,
M00596,33.134388,-105.737917,1,1,-1,1,False,
M00597,33.133994,-105.737659,2,2,-1,2,False,
M00598,33.132620,-105.737426,2,2,-1,2,False,
M00599,33.132170,-105.737443,2,2,-1,2,False,
M00600,33.133667,-105.737444,1,1,-1,1,False,
M00601,33.133217,-105.737437,1,1,-1,1,False,
M00602,33.132767,-105.737429,1,1,-1,1,False,
M00603,33.129039,-105.737449,1,1,-1,1,False,
M00604,33.128708,-105.737086,1,1,-1,1,False,
M00605,33.130024,-105.737439,1,1,-1,1,False,
M00606,33.129575,-105.737444,1,1,-1,1,False,
M00607,33.129125,-105.737448,1,1,-1,1,False,
M00608,33.127552,-105.735930,0,0,-1,0,False,
M00609,33.127206,-105.735588,5,5,-1,5,False,"The entire tile is covered in continuous dense tree canopy with no visible cleared corridor, road, or right-of-way. The marked line route runs directly through unbroken forest, indicating tall canopy directly over the line with no clearance."
M00610,33.126984,-105.735369,5,5,-1,5,False,"The entire tile shows continuous dense tree canopy with no visible cleared right-of-way or track. The marked line route runs directly through unbroken tall forest, indicating heavy canopy overhanging the corridor."
M00611,33.126637,-105.735027,5,5,-1,5,False,"The marked line route runs through continuous dense vegetation with no visible cleared corridor or track. The canopy appears uniformly closed over the entire path, indicating tall vegetation directly over the line route with no maintained clearance."
M00612,33.126290,-105.734686,1,1,-1,1,False,
M00613,33.125944,-105.734344,1,1,-1,1,False,
M00614,33.125933,-105.734334,1,1,-1,1,False,
M00615,33.125586,-105.733992,1,1,-1,1,False,
M00616,33.125362,-105.733772,5,2,-1,2,False,"The terrain appears to be low scrub or grassland with relatively uniform, low vegetation texture rather than tall forest canopy. A faint track/corridor is visible crossing near the pin. Some darker patches suggest scattered taller vegetation, but overall the route looks reasonably clear of tall overhanging canopy."
M00617,33.125014,-105.733431,1,1,-1,1,False,
M00618,33.122615,-105.731092,1,1,-1,1,False,
M00619,33.122270,-105.730748,1,1,-1,1,False,
M00620,33.122059,-105.730539,2,2,-1,2,False,
M00621,33.121711,-105.730199,1,1,-1,1,False,
M00622,33.121482,-105.729977,1,1,-1,1,False,
M00623,33.121134,-105.729638,1,1,-1,1,False,
M00624,33.120785,-105.729298,2,2,-1,2,False,
M00625,33.118752,-105.727321,1,1,-1,1,False,
M00626,33.118403,-105.726982,0,0,-1,0,False,
M00627,33.118055,-105.726642,1,1,-1,1,False,
M00628,33.119373,-105.727922,1,1,-1,1,False,
M00629,33.119024,-105.727584,1,1,-1,1,False,
M00630,33.117858,-105.726449,1,1,-1,1,False,
M00631,33.117434,-105.726267,1,1,-1,1,False,
M00632,33.117011,-105.726086,2,2,-1,2,False,
M00633,33.116954,-105.726061,2,2,-1,2,False,
M00634,33.116530,-105.725882,1,1,-1,1,False,
M00635,33.116106,-105.725702,1,1,-1,1,False,
M00636,33.115052,-105.725234,2,2,-1,2,False,
M00637,33.114629,-105.725054,2,2,-1,2,False,
M00638,33.116083,-105.725692,1,1,-1,1,False,
M00639,33.115661,-105.725505,1,1,-1,1,False,
M00640,33.115240,-105.725317,1,1,-1,1,False,
M00641,33.085082,-105.712425,1,1,-1,1,False,
M00642,33.084648,-105.712283,1,1,-1,1,False,
M00643,33.085984,-105.712722,1,1,-1,1,False,
M00644,33.085550,-105.712579,1,1,-1,1,False,
M00645,33.085117,-105.712437,1,1,-1,1,False,
M00646,33.084267,-105.712157,1,1,-1,1,False,
M00647,33.083858,-105.712380,1,1,-1,1,False,
M00648,33.083542,-105.712552,1,1,-1,1,False,
M00649,33.083158,-105.712830,1,1,-1,1,False,
M00650,33.082773,-105.713108,1,1,-1,1,False,
M00651,33.080967,-105.714072,1,1,-1,1,False,
M00652,33.080599,-105.714022,1,1,-1,1,False,
M00653,33.080150,-105.713986,1,1,-1,1,False,
M00654,33.079069,-105.713758,1,1,-1,1,False,
M00655,33.078644,-105.713583,1,1,-1,1,False,
M00656,33.078331,-105.713454,1,1,-1,1,False,
M00657,33.077906,-105.713276,1,1,-1,1,False,
M00658,33.077482,-105.713099,1,1,-1,1,False,
M00659,33.077168,-105.712967,1,1,-1,1,False,
M00660,33.076743,-105.712789,1,1,-1,1,False,
M00661,33.076319,-105.712611,1,1,-1,1,False,
M00662,33.075988,-105.712472,1,1,-1,1,False,
M00663,33.075606,-105.712188,1,1,-1,1,False,
M00664,33.075225,-105.711903,2,2,-1,2,False,
M00665,33.074951,-105.711699,1,1,-1,1,False,
M00666,33.074537,-105.711490,1,1,-1,1,False,
M00667,33.074123,-105.711280,1,1,-1,1,False,
M00668,33.073936,-105.711185,1,1,-1,1,False,
M00669,33.073521,-105.710979,1,1,-1,1,False,
M00670,33.073105,-105.710773,1,1,-1,1,False,
M00671,33.072856,-105.710649,1,1,-1,1,False,
M00672,33.072421,-105.710516,1,1,-1,1,False,
M00673,33.071985,-105.710384,4,5,0,5,True,"The line route (cyan) passes directly through dense clusters of tall trees, with canopy clearly overhanging the corridor at and around the center pin. There is no cleared right-of-way along the line; trees press in and over the route, posing high contact risk."
M00674,33.070357,-105.709924,1,1,-1,1,False,
M00675,33.069920,-105.709797,1,1,-1,1,False,
M00676,33.069483,-105.709670,1,1,-1,1,False,
M00677,33.071699,-105.710297,1,1,-1,1,False,
M00678,33.071261,-105.710175,1,1,-1,1,False,
M00679,33.070823,-105.710053,1,1,-1,1,False,
M00680,33.070385,-105.709932,1,1,-1,1,False,
M00681,33.069447,-105.709660,1,1,-1,1,False,
M00682,33.069011,-105.709529,1,1,-1,1,False,
M00683,33.068872,-105.709487,1,1,-1,1,False,
M00684,33.068435,-105.709615,1,1,-1,1,False,
M00685,33.068241,-105.709671,1,1,-1,1,False,
M00686,33.067795,-105.709741,4,4,-1,4,False,"The cyan line marks the route passing through scattered tall trees with no cleared right-of-way. Tree canopy presses directly into and overhangs the route in several places, with little to no clearance, indicating significant encroachment."
M00687,33.067349,-105.709812,4,5,-1,5,False,"The line route (cyan) runs directly through dense, mixed forest canopy with scattered bare patches. There is no visible cleared corridor or right-of-way; tall trees press right up to and over the line path, indicating heavy canopy overhang and high contact risk."
M00688,33.066903,-105.709882,1,1,-1,1,False,
M00689,33.065325,-105.710527,1,1,-1,1,False,
M00690,33.064894,-105.710679,1,1,-1,1,False,
M00691,33.064462,-105.710830,1,1,-1,1,False,
M00692,33.066880,-105.709885,2,2,-1,2,False,
M00693,33.066523,-105.710073,1,1,-1,1,False,
M00694,33.066094,-105.710235,1,1,-1,1,False,
M00695,33.065666,-105.710398,1,1,-1,1,False,
M00696,33.059027,-105.707050,2,2,-1,2,False,
M00697,33.058850,-105.706557,1,1,-1,1,False,
M00698,33.059282,-105.707730,1,1,-1,1,False,
M00699,33.059099,-105.707240,2,2,-1,2,False,
M00700,33.152791,-105.768874,0,0,-1,0,False,
M00701,33.153025,-105.769333,0,0,-1,0,False,
M00702,33.152231,-105.767653,1,1,-1,1,False,
M00703,33.152250,-105.767757,1,1,-1,1,False,
M00704,33.152475,-105.768222,1,1,-1,1,False,
M00705,33.152701,-105.768687,1,1,-1,1,False,
M00706,33.156037,-105.787817,1,1,-1,1,False,
M00707,33.156084,-105.788253,1,1,-1,1,False,
M00708,33.156113,-105.788789,0,0,-1,0,False,
M00709,33.156141,-105.789325,1,1,-1,1,False,
M00710,33.156142,-105.789349,1,1,-1,1,False,
M00711,33.156189,-105.789883,1,1,-1,1,False,
M00712,33.156236,-105.790417,1,1,-1,1,False,
M00713,33.154853,-105.776143,0,0,-1,0,False,
M00714,33.157262,-105.771375,0,0,-1,0,False,
M00715,33.157295,-105.771654,1,1,-1,1,False,
M00716,33.158944,-105.771720,1,1,-1,1,False,
M00717,33.164426,-105.814063,1,1,-1,1,False,
M00718,33.155905,-105.777403,0,0,-1,0,False,
M00719,33.158978,-105.771763,1,1,-1,1,False,
M00720,33.159263,-105.772178,0,0,-1,0,False,
M00721,33.164426,-105.814063,1,1,-1,1,False,
M00722,33.156740,-105.778248,1,1,-1,1,False,
M00723,33.157106,-105.777936,0,0,-1,0,False,
M00724,33.158935,-105.771795,1,1,-1,1,False,
M00725,33.158884,-105.772328,0,0,-1,0,False,
M00726,33.159442,-105.772297,0,0,-1,0,False,
M00727,33.159710,-105.772660,0,0,-1,0,False,
M00728,33.156228,-105.777943,0,0,-1,0,False,
M00729,33.156365,-105.778147,0,0,-1,0,False,
M00730,33.156520,-105.778413,0,0,-1,0,False,
M00731,33.156077,-105.777671,0,0,-1,0,False,
M00732,33.158935,-105.771795,1,1,-1,1,False,
M00733,33.155605,-105.776896,0,0,-1,0,False,
M00734,33.157295,-105.771654,2,2,-1,2,False,
M00735,33.157237,-105.771626,1,1,-1,1,False,
M00736,33.153179,-105.769637,0,0,-1,0,False,
M00737,33.153395,-105.770061,1,1,-1,1,False,
M00738,33.155707,-105.783928,2,2,-1,2,False,
M00739,33.155748,-105.784411,1,1,-1,1,False,
M00740,33.155751,-105.784445,2,2,-1,2,False,
M00741,33.155755,-105.784488,1,1,-1,1,False,
M00742,33.158511,-105.769901,1,1,-1,1,False,
M00743,33.158557,-105.769366,1,1,-1,1,False,
M00744,33.131295,-105.737445,2,2,-1,2,False,
M00745,33.130845,-105.737443,1,1,-1,1,False,
M00746,33.130797,-105.737443,1,1,-1,1,False,
M00747,33.130347,-105.737441,1,1,-1,1,False,
M00748,33.152905,-105.767413,1,1,-1,1,False,
M00749,33.152797,-105.766892,0,0,-1,0,False,
M00750,33.152690,-105.766370,0,0,-1,0,False,
M00751,33.152582,-105.765849,0,0,-1,0,False,
M00752,33.152570,-105.765790,0,0,-1,0,False,
M00753,33.158760,-105.771270,1,1,-1,1,False,
M00754,33.158940,-105.771711,1,1,-1,1,False,
M00755,33.164524,-105.814000,2,2,-1,2,False,
M00756,33.164860,-105.813568,1,1,-1,1,False,
M00757,33.164554,-105.813961,1,1,-1,1,False,
M00758,33.155500,-105.780522,1,1,-1,1,False,
M00759,33.155558,-105.780463,1,1,-1,1,False,
M00760,33.155901,-105.780115,1,1,-1,1,False,
M00761,33.156243,-105.779766,0,0,-1,0,False,
M00762,33.155424,-105.780595,1,1,-1,1,False,
M00763,33.154853,-105.776143,1,1,-1,1,False,
M00764,33.154978,-105.776659,1,1,-1,1,False,
M00765,33.155104,-105.777174,1,1,-1,1,False,
M00766,33.154737,-105.775667,0,0,-1,0,False,
M00767,33.167772,-105.811410,1,1,-1,1,False,
M00768,33.168186,-105.811200,1,1,-1,1,False,
M00769,33.168600,-105.810990,1,1,-1,1,False,
M00770,33.166724,-105.811793,1,1,-1,1,False,
M00771,33.167154,-105.811636,1,1,-1,1,False,
M00772,33.167584,-105.811479,1,1,-1,1,False,
M00773,33.165662,-105.811924,0,0,-1,0,False,
M00774,33.166109,-105.811868,1,1,-1,1,False,
M00775,33.166556,-105.811813,1,1,-1,1,False,
M00776,33.169178,-105.808251,1,1,-1,1,False,
M00777,33.169178,-105.808251,1,1,-1,1,False,
M00778,33.169106,-105.809767,0,0,-1,0,False,
M00779,33.169127,-105.809230,1,1,-1,1,False,
M00780,33.165433,-105.812584,1,1,-1,1,False,
M00781,33.165605,-105.812087,1,1,-1,1,False,
M00782,33.168713,-105.810932,1,1,-1,1,False,
M00783,33.168881,-105.810434,1,1,-1,1,False,
M00784,33.169049,-105.809936,1,1,-1,1,False,
M00785,33.164860,-105.813568,1,1,-1,1,False,
M00786,33.165117,-105.813127,1,1,-1,1,False,
M00787,33.165373,-105.812685,0,0,-1,0,False,
M00788,33.169138,-105.808939,1,1,-1,1,False,
M00789,33.169169,-105.808403,1,1,-1,1,False,
M00790,33.156112,-105.783958,2,2,-1,2,False,
M00791,33.156112,-105.783958,1,1,-1,1,False,
M00792,33.155707,-105.783928,2,2,-1,2,False,
M00793,33.155905,-105.777403,0,0,-1,0,False,
M00794,33.155424,-105.780595,1,1,-1,1,False,
M00795,33.155468,-105.781130,1,1,-1,1,False,
M00796,33.155975,-105.782071,0,0,-1,0,False,
