kind,name,lat,lng
Recloser,RECL_967,32.908183,-105.973251
Recloser,RECL_2974,32.82747,-106.075129
Recloser,RECL_1062,32.791795,-106.146003
Recloser,RECL_951,32.908177,-105.973391
Recloser,RECL_1045,33.00674,-105.842135
Recloser,RECL_1039,32.955669,-105.82604
Recloser,RECL_1013,32.955604,-105.826041
Recloser,RECL_1042,32.959775,-105.78314
Recloser,RECL_950,32.991992,-105.872324
Recloser,RECL_968,32.908181,-105.973328
Recloser,RECL_970,32.85274,-105.97068
Recloser,RECL_972,32.804037,-105.980446
Recloser,RECL_976,32.718868,-105.994449
Recloser,RECL_1044,32.743585,-105.985407
Recloser,RECL_975,32.800997,-105.976064
Recloser,RECL_1115,32.908173,-105.973566
Recloser,RECL_1116,32.964777,-105.992555
Recloser,RECL_1120,33.179288,-106.053667
Recloser,RECL_1118,33.324608,-106.0793
Recloser,RECL_1123,33.322328,-106.077783
Recloser,RECL_2979,33.36737,-105.961089
Recloser,RECL_1119,33.178686,-106.054867
Recloser,RECL_992,32.981785,-106.024017
Recloser,RECL_990,32.947588,-106.015311
Recloser,RECL_1011,32.908177,-105.973486
Recloser,RECL_971,32.807709,-105.979477
Recloser,RECL_1125,33.376718,-105.943631
Recloser,RECL_989,33.009209,-105.845553
Recloser,RECL_1278,32.724528,-105.98399
Recloser,RECL_969,32.853624,-105.963615
Recloser,RECL_1012,32.950812,-106.006656
Fuse,FUSE_8825,32.839724,-106.07065
Fuse,FUSE_6754,32.838977,-106.070446
Fuse,FUSE_7154,32.840064,-106.068837
Fuse,FUSE_8847,32.853092,-106.01336
Fuse,FUSE_174,32.778552,-106.17287
Fuse,FUSE_2111,32.777984,-106.172636
Fuse,FUSE_175,32.779724,-106.171008
Fuse,OCR_7157,32.828455,-106.07494
Fuse,FUSE_2929,32.827805,-106.080285
Fuse,FUSE_2934,32.828561,-106.079342
Fuse,FUSE_2935,32.829625,-106.079349
Fuse,FUSE_2930,32.827813,-106.082136
Fuse,FUSE_180722,32.873436,-106.045119
Fuse,FUSE_21080,32.90795,-105.9667
Fuse,FUSE_414,32.985173,-105.894637
Fuse,FUSE_5109,32.986533,-105.894666
Fuse,FUSE_419,32.988405,-105.884493
Fuse,FUSE_405,32.991743,-105.885253
Fuse,FUSE_5099,32.990093,-105.864943
Fuse,FUSE_400,32.987996,-105.852644
Fuse,FUSE_2110,32.987409,-105.849893
Fuse,TS_9449,32.986766,-105.84279
Fuse,FUSE_422,33.005894,-105.841599
Fuse,FUSE_420,33.0092,-105.843877
Fuse,FUSE_1192,33.016677,-105.846011
Fuse,FUSE_430,33.034435,-105.836711
Fuse,FUSE_1191,33.025258,-105.84488
Fuse,FUSE_8834,33.004003,-105.840068
Fuse,FUSE_423,33.001921,-105.838491
Fuse,OCR_5539,32.950656,-105.844069
Fuse,FUSE_390,32.952269,-105.84391
Fuse,FUSE_391,32.959387,-105.838042
Fuse,FUSE_392,32.959069,-105.852162
Fuse,FUSE_397,32.952364,-105.820547
Fuse,FUSE_2983,32.961392,-105.766068
Fuse,FUSE_395,32.942399,-105.813138
Fuse,FUSE_9332,32.943278,-105.817415
Fuse,FUSE_5127,32.941997,-105.82001
Fuse,FUSE_398,32.987829,-105.786313
Fuse,FUSE_417,32.987192,-105.888547
Fuse,FUSE_432,32.822426,-105.975768
Fuse,FUSE_433,32.818749,-105.976365
Fuse,FUSE_3015,32.815568,-105.976895
Fuse,FUSE_435,32.812028,-105.977487
Fuse,FUSE_436,32.811385,-105.977594
Fuse,FUSE_441,32.803721,-105.97886
Fuse,FUSE_444,32.800404,-105.97941
Fuse,FUSE_451,32.789874,-105.981523
Fuse,FUSE_453,32.766365,-105.985276
Fuse,FUSE_442,32.802199,-105.979182
Fuse,FUSE_696,32.810096,-105.978069
Fuse,FUSE_431,32.829758,-105.974526
Fuse,EVR_5072,32.852367,-105.969212
Fuse,FUSE_7611,32.612005,-106.012329
Fuse,FUSE_449,32.752368,-105.982397
Fuse,FUSE_450,32.756352,-105.982316
Fuse,FUSE_448,32.74353,-105.984256
Fuse,FUSE_8918,32.79886,-105.962966
Fuse,FUSE_8915,32.798755,-105.962307
Fuse,FUSE_8916,32.798246,-105.959172
Fuse,FUSE_8919,32.797992,-105.957611
Fuse,FUSE_447,32.784506,-105.947786
Fuse,FUSE_8921,32.797715,-105.956044
Fuse,MVR_7577,32.826129,-105.972957
Fuse,FUSE_817,32.95706,-105.993064
Fuse,FUSE_819,32.962715,-105.992776
Fuse,FUSE_8415,32.971153,-105.992603
Fuse,FUSE_829,32.987071,-105.994935
Fuse,OCR_1244,33.005486,-106.027791
Fuse,FUSE_839,33.025619,-106.027832
Fuse,FUSE_840,33.032947,-106.027867
Fuse,FUSE_9336,33.047499,-106.033127
Fuse,FUSE_846,33.047492,-106.045845
Fuse,FUSE_847,33.047501,-106.053402
Fuse,FUSE_8913,33.05025,-106.045596
Fuse,FUSE_850,33.050835,-106.045624
Fuse,FUSE_9415,33.064252,-106.045307
Fuse,FUSE_854,33.069634,-106.045411
Fuse,FUSE_9334,33.069637,-106.053767
Fuse,FUSE_855,33.072364,-106.045402
Fuse,FUSE_848,33.057609,-106.046113
Fuse,FUSE_8909,33.048669,-106.045523
Fuse,FUSE_845,33.047456,-106.036642
Fuse,FUSE_8903,33.047139,-106.036649
Fuse,FUSE_8904,33.043949,-106.03657
Fuse,FUSE_8902,33.046071,-106.036641
Fuse,FUSE_8848,33.047487,-106.035033
Fuse,FUSE_3001,33.042075,-106.027998
Fuse,FUSE_841,33.036596,-106.027965
Fuse,FUSE_8012,33.030279,-106.027847
Fuse,FUSE_8900,33.028704,-106.027848
Fuse,FUSE_835,33.015981,-106.027968
Fuse,FUSE_833,33.011017,-106.027942
Fuse,FUSE_6762,33.047684,-106.080531
Fuse,FUSE_857,33.076197,-106.062372
Fuse,FUSE_859,33.082292,-106.045325
Fuse,FUSE_860,33.083348,-106.045637
Fuse,FUSE_1189,33.084901,-106.045365
Fuse,FUSE_2989,33.106034,-106.045063
Fuse,FUSE_940,33.108037,-106.045293
Fuse,FUSE_876,33.13194,-106.046279
Fuse,FUSE_878,33.144709,-106.048549
Fuse,FUSE_885,33.210888,-106.056737
Fuse,FUSE_871,33.310533,-106.076197
Fuse,FUSE_870,33.314476,-106.077126
Fuse,FUSE_869,33.325754,-106.079946
Fuse,FUSE_2980,33.36737,-105.961089
Fuse,FUSE_2968,33.318215,-106.077702
Fuse,FUSE_879,33.148724,-106.04809
Fuse,FUSE_1179,33.113344,-106.045443
Fuse,FUSE_1177,33.108469,-106.053631
Fuse,FUSE_1178,33.110786,-106.053597
Fuse,FUSE_1187,33.113449,-106.053564
Fuse,FUSE_1153,33.091708,-106.043375
Fuse,FUSE_7164,33.06046,-106.080495
Fuse,FUSE_831,33.003856,-106.012668
Fuse,FUSE_825,32.973169,-105.992844
Fuse,FUSE_821,32.963971,-105.992751
Fuse,FUSE_816,32.955903,-105.993475
Fuse,FUSE_15,32.947498,-106.024341
Fuse,OCR_9538,32.947576,-106.02766
Fuse,FUSE_17,32.959858,-106.035349
Fuse,FUSE_2999,32.967019,-106.027749
Fuse,FUSE_8888,32.981872,-106.014499
Fuse,FUSE_14,32.93161,-106.013746
Fuse,FUSE_6755,32.841118,-106.070992
Fuse,FUSE_6761,32.841479,-106.071594
Fuse,FUSE_8827,32.840931,-106.072309
Fuse,FUSE_1180,32.838617,-106.068734
Fuse,FUSE_173,32.793127,-106.143285
Fuse,FUSE_411,32.991127,-105.874293
Fuse,FUSE_429,33.035064,-105.836555
Fuse,FUSE_427,33.024456,-105.845708
Fuse,FUSE_426,33.022988,-105.847218
Fuse,FUSE_425,33.019713,-105.850158
Fuse,FUSE_421,33.008013,-105.842958
Fuse,FUSE_3004,32.998482,-105.835863
Fuse,FUSE_388,32.947446,-105.83813
Fuse,TS_9340,32.940997,-105.808587
Fuse,FUSE_396,32.940181,-105.801031
Fuse,FUSE_389,32.939938,-105.824386
Fuse,FUSE_403,32.990316,-105.869351
Fuse,FUSE_408,32.990419,-105.877946
Fuse,FUSE_409,32.994507,-105.879264
Fuse,FUSE_410,32.995505,-105.879456
Fuse,FUSE_439,32.807712,-105.97821
Fuse,FUSE_440,32.805826,-105.998115
Fuse,FUSE_443,32.800404,-105.979464
Fuse,FUSE_452,32.769269,-105.98469
Fuse,FUSE_455,32.743631,-105.975558
Fuse,FUSE_457,32.743495,-105.964823
Fuse,FUSE_458,32.743614,-105.961902
Fuse,FUSE_463,32.744699,-105.945589
Fuse,FUSE_9526,32.745425,-105.945597
Fuse,FUSE_462,32.744449,-105.950826
Fuse,FUSE_461,32.744393,-105.953322
Fuse,FUSE_460,32.744338,-105.955485
Fuse,FUSE_459,32.74419,-105.956686
Fuse,FUSE_3013,32.743725,-105.960527
Fuse,FUSE_456,32.743489,-105.969134
Fuse,FUSE_9472,32.743509,-105.977264
Fuse,FUSE_445,32.826299,-105.956413
Fuse,FUSE_446,32.820915,-105.945499
Fuse,FUSE_818,32.960014,-105.99252
Fuse,FUSE_2936,32.960082,-105.985646
Fuse,FUSE_1185,32.959965,-105.985671
Fuse,FUSE_822,32.96549,-105.992764
Fuse,FUSE_849,33.054888,-106.045753
Fuse,FUSE_837,33.019673,-106.028014
Fuse,FUSE_9411,33.09171,-106.072228
Fuse,FUSE_873,33.292604,-106.072128
Fuse,FUSE_1176,33.106127,-106.050104
Fuse,FUSE_858,33.077625,-106.04529
Fuse,FUSE_7607,32.958904,-105.992752
Fuse,FUSE_16,32.933295,-106.041145
Fuse,MVI_5543,32.93295,-105.985238
Fuse,FUSE_6753,32.839724,-106.07065
Fuse,FUSE_6758,32.840426,-106.070826
Fuse,FUSE_6757,32.840931,-106.072309
Fuse,FUSE_6759,32.840433,-106.072964
Fuse,FUSE_7153,32.841118,-106.070992
Fuse,FUSE_8824,32.838977,-106.070446
Fuse,FUSE_8898,32.840755,-106.069009
Fuse,FUSE_2926,32.827339,-106.077189
Fuse,FUSE_2927,32.826609,-106.078626
Fuse,FUSE_2928,32.826016,-106.08057
Fuse,FUSE_2933,32.828099,-106.0828
Fuse,FUSE_2932,32.828859,-106.082782
Fuse,FUSE_2925,32.828175,-106.075519
Fuse,FUSE_915,32.829793,-106.074585
Fuse,FUSE_914,32.829796,-106.074577
Fuse,FUSE_8420,32.831204,-106.072247
Fuse,FUSE_897,32.831532,-106.071823
Fuse,FUSE_902,32.830862,-106.072705
Fuse,FUSE_910,32.832525,-106.074672
Fuse,FUSE_912,32.832089,-106.074402
Fuse,FUSE_913,32.832099,-106.074422
Fuse,FUSE_896,32.830859,-106.072705
Fuse,FUSE_905,32.830323,-106.0746
Fuse,FUSE_906,32.831137,-106.074918
Fuse,FUSE_904,32.830512,-106.07411
Fuse,FUSE_903,32.830519,-106.074084
Fuse,FUSE_901,32.83086,-106.072705
Fuse,FUSE_911,32.831164,-106.073845
Fuse,FUSE_909,32.831907,-106.075053
Fuse,FUSE_907,32.831318,-106.075079
Fuse,FUSE_908,32.831308,-106.075078
Fuse,FUSE_895,32.829796,-106.074566
Fuse,FUSE_412,32.980625,-105.908484
Fuse,FUSE_413,32.981622,-105.905083
Fuse,FUSE_415,32.985752,-105.89236
Fuse,FUSE_401,32.989716,-105.865813
Fuse,FUSE_428,33.029199,-105.841373
Fuse,FUSE_424,33.014257,-105.847989
Fuse,FUSE_9375,32.961671,-105.80247
Fuse,FUSE_5128,32.959775,-105.78314
Fuse,FUSE_8881,32.941997,-105.82001
Fuse,TS_8907,32.939208,-105.823801
Fuse,FUSE_8890,32.943051,-105.818808
Fuse,FUSE_404,32.990942,-105.87303
Fuse,FUSE_407,32.98985,-105.87985
Fuse,FUSE_418,32.987044,-105.888365
Fuse,FUSE_416,32.986347,-105.890561
Fuse,FUSE_9371,32.98513,-105.894636
Fuse,FUSE_3020,32.984994,-105.897937
Fuse,FUSE_5094,32.808126,-105.978141
Fuse,FUSE_3033,32.640587,-106.00756
Fuse,FUSE_465,32.724547,-105.984208
Fuse,FUSE_8917,32.798497,-105.960713
Fuse,FUSE_8920,32.797777,-105.95636
Fuse,FUSE_7571,32.809993,-105.976295
Fuse,FUSE_823,32.96736,-105.992103
Fuse,FUSE_826,32.975576,-105.992273
Fuse,FUSE_828,32.978341,-105.992286
Fuse,FUSE_7608,32.983433,-105.992924
Fuse,FUSE_9341,32.986101,-105.994306
Fuse,FUSE_834,33.011013,-106.027433
Fuse,FUSE_836,33.01644,-106.027718
Fuse,FUSE_842,33.04023,-106.027838
Fuse,FUSE_9440,33.061122,-106.045618
Fuse,FUSE_853,33.062199,-106.045416
Fuse,FUSE_851,33.06006,-106.045649
Fuse,FUSE_838,33.022875,-106.027775
Fuse,FUSE_7572,33.074895,-106.080089
Fuse,FUSE_9337,33.07701,-106.085462
Fuse,FUSE_9488,33.07715,-106.095197
Fuse,FUSE_9450,33.07716,-106.09811
Fuse,FUSE_5116,33.093041,-106.062493
Fuse,FUSE_8413,33.091695,-106.06674
Fuse,FUSE_877,33.13702,-106.046392
Fuse,FUSE_880,33.163441,-106.050284
Fuse,FUSE_883,33.177652,-106.053047
Fuse,FUSE_884,33.200396,-106.056853
Fuse,FUSE_867,33.363347,-106.079419
Fuse,FUSE_5517,33.386285,-106.074588
Fuse,FUSE_5117,33.331124,-106.080951
Fuse,FUSE_5126,33.30385,-106.0744
Fuse,FUSE_889,33.277965,-106.069876
Fuse,FUSE_888,33.254865,-106.066005
Fuse,FUSE_887,33.239352,-106.063184
Fuse,FUSE_886,33.228772,-106.06148
Fuse,FUSE_5114,33.120166,-106.043137
Fuse,FUSE_39281,33.076495,-106.057949
Fuse,FUSE_1190,33.076621,-106.061392
Fuse,FUSE_8889,33.076743,-106.077675
Fuse,FUSE_9331,33.003881,-106.012673
Fuse,FUSE_830,33.003914,-106.01062
Fuse,FUSE_827,32.977059,-105.992344
Fuse,TS_8414,32.971153,-105.992603
Fuse,FUSE_820,32.963691,-105.992478
Fuse,FUSE_8832,32.967254,-106.014456
Fuse,FUSE_1186,32.953844,-106.027698
Fuse,FUSE_8896,32.981952,-106.004726
Switch,SWIT_1245-A,32.891568,-105.992013
Switch,SWIT_1245-B,32.891568,-105.992013
Switch,SWIT_1255-A,32.892507,-106.026561
Switch,SWIT_1255-B,32.892507,-106.026561
Switch,SWIT_1349-A,32.911853,-106.02673
Switch,SWIT_1349-B,32.911853,-106.02673
Switch,SWIT_1246-A,32.840145,-106.06446
Switch,SWIT_1246-B,32.840145,-106.06446
Switch,SWIT_484-A,32.838668,-106.068215
Switch,SWIT_484-B,32.838668,-106.068215
Switch,SWIT_508-A,32.853211,-106.013327
Switch,SWIT_343-A,32.813125,-106.143461
Switch,SWIT_343-B,32.813125,-106.143461
Switch,SWIT_1371-A,32.82875,-106.074446
Switch,SWIT_1371-B,32.82875,-106.074446
Switch,SWIT_487-A,32.829829,-106.075179
Switch,SWIT_487-B,32.829829,-106.075179
Switch,SWIT_275-A,32.833945,-106.08081
Switch,SWIT_347-A,32.834841,-106.078723
Switch,SWIT_347-B,32.834841,-106.078723
Switch,SWIT_348-A,32.834844,-106.078709
Switch,SWIT_348-B,32.834844,-106.078709
Switch,SWIT_345-A,32.835477,-106.077332
Switch,SWIT_345-B,32.835477,-106.077332
Switch,SWIT_346-A,32.835475,-106.077328
Switch,SWIT_346-B,32.835475,-106.077328
Switch,SWIT_344-A,32.835479,-106.077327
Switch,SWIT_344-B,32.835479,-106.077327
Switch,SWIT_349-A,32.83483,-106.07871
Switch,SWIT_349-B,32.83483,-106.07871
Switch,SWIT_351-A,32.834134,-106.078328
Switch,SWIT_351-B,32.834134,-106.078328
Switch,SWIT_350-A,32.834134,-106.078324
Switch,SWIT_350-B,32.834134,-106.078324
Switch,SWIT_352-A,32.83427,-106.077455
Switch,SWIT_352-B,32.83427,-106.077455
Switch,SWIT_268-A,32.834278,-106.077452
Switch,SWIT_268-B,32.834278,-106.077452
Switch,SWIT_181-A,32.834272,-106.077428
Switch,SWIT_181-B,32.834272,-106.077428
Switch,SWIT_180-A,32.834266,-106.076504
Switch,SWIT_180-B,32.834266,-106.076504
Switch,SWIT_179-A,32.834265,-106.076495
Switch,SWIT_179-B,32.834265,-106.076495
Switch,SWIT_178-A,32.834162,-106.075905
Switch,SWIT_178-B,32.834162,-106.075905
Switch,SWIT_175-A,32.834645,-106.075189
Switch,SWIT_175-B,32.834645,-106.075189
Switch,SWIT_173-A,32.83464,-106.075179
Switch,SWIT_173-B,32.83464,-106.075179
Switch,SWIT_172-A,32.834656,-106.07517
Switch,SWIT_172-B,32.834656,-106.07517
Switch,SWIT_165-A,32.835667,-106.073859
Switch,SWIT_165-B,32.835667,-106.073859
Switch,SWIT_166-A,32.835672,-106.073853
Switch,SWIT_166-B,32.835672,-106.073853
Switch,SWIT_170-A,32.836017,-106.073398
Switch,SWIT_170-B,32.836017,-106.073398
Switch,SWIT_171-A,32.836022,-106.073391
Switch,SWIT_171-B,32.836022,-106.073391
Switch,SWIT_167-A,32.835806,-106.073992
Switch,SWIT_167-B,32.835806,-106.073992
Switch,SWIT_169-A,32.835812,-106.073998
Switch,SWIT_169-B,32.835812,-106.073998
Switch,SWIT_168-A,32.835811,-106.073992
Switch,SWIT_168-B,32.835811,-106.073992
Switch,SWIT_174-A,32.834657,-106.075188
Switch,SWIT_174-B,32.834657,-106.075188
Switch,SWIT_176-A,32.834781,-106.075353
Switch,SWIT_176-B,32.834781,-106.075353
Switch,SWIT_177-A,32.834787,-106.075368
Switch,SWIT_177-B,32.834787,-106.075368
Switch,SWIT_275-B,32.833945,-106.08081
Switch,SWIT_1244-A,32.887148,-106.003352
Switch,SWIT_1244-B,32.887148,-106.003352
Switch,SWIT_508-B,32.853211,-106.013327
Switch,SWIT_340-A,32.908366,-105.973296
Switch,SWIT_340-B,32.908366,-105.973296
Switch,SWIT_332-A,32.981684,-105.910762
Switch,SWIT_332-B,32.981684,-105.910762
Switch,SWIT_926-A,32.987585,-105.851346
Switch,SWIT_926-B,32.987585,-105.851346
Switch,SWIT_331-A,32.98614,-105.83492
Switch,SWIT_331-B,32.98614,-105.83492
Switch,SWIT_329-A,32.986792,-105.827942
Switch,SWIT_329-B,32.986792,-105.827942
Switch,SWIT_330-A,32.983542,-105.827536
Switch,SWIT_330-B,32.983542,-105.827536
Switch,SWIT_318-A,32.947157,-105.833159
Switch,SWIT_317-A,32.955285,-105.826101
Switch,SWIT_318-B,32.947157,-105.833159
Switch,SWIT_1365-A,32.9601,-105.790671
Switch,SWIT_1365-B,32.9601,-105.790671
Switch,SWIT_927-A,32.954317,-105.750685
Switch,SWIT_927-B,32.954317,-105.750685
Switch,SWIT_234-A,32.954023,-105.749867
Switch,SWIT_317-B,32.955285,-105.826101
Switch,SWIT_328-A,32.985429,-105.814521
Switch,SWIT_328-B,32.985429,-105.814521
Switch,SWIT_293-A,32.973274,-105.754831
Switch,SWIT_263-A,32.85388,-105.970489
Switch,SWIT_263-B,32.85388,-105.970489
Switch,SWIT_265-A,32.801435,-105.978552
Switch,SWIT_1354-A,32.852668,-105.969162
Switch,SWIT_1354-B,32.852668,-105.969162
Switch,SWIT_354-A,32.828015,-105.973286
Switch,SWIT_354-B,32.828015,-105.973286
Switch,SWIT_356-A,32.825043,-105.973779
Switch,SWIT_356-B,32.825043,-105.973779
Switch,SWIT_355-A,32.802305,-105.977579
Switch,SWIT_355-B,32.802305,-105.977579
Switch,SWIT_357-A,32.800328,-105.977911
Switch,SWIT_357-B,32.800328,-105.977911
Switch,SWIT_358-A,32.744488,-105.987255
Switch,SWIT_358-B,32.744488,-105.987255
Switch,SWIT_359-A,32.744563,-105.989461
Switch,SWIT_362-A,32.659657,-106.004256
Switch,SWIT_362-B,32.659657,-106.004256
Switch,SWIT_919-A,32.632863,-106.008848
Switch,SWIT_919-B,32.632863,-106.008848
Switch,SWIT_265-B,32.801435,-105.978552
Switch,SWIT_264-A,32.826124,-105.974401
Switch,SWIT_264-B,32.826124,-105.974401
Switch,SWIT_361-A,32.82642,-105.962825
Switch,SWIT_361-B,32.82642,-105.962825
Switch,SWIT_432-A,33.003859,-106.026217
Switch,SWIT_432-B,33.003859,-106.026217
Switch,SWIT_921-A,33.005461,-106.027792
Switch,SWIT_921-B,33.005461,-106.027792
Switch,SWIT_433-A,33.047486,-106.050963
Switch,SWIT_501-A,33.075481,-106.045398
Switch,SWIT_434-A,33.065905,-106.04537
Switch,SWIT_434-B,33.065905,-106.04537
Switch,SWIT_499-A,33.00355,-106.036232
Switch,SWIT_499-B,33.00355,-106.036232
Switch,SWIT_502-A,33.076819,-106.080046
Switch,SWIT_502-B,33.076819,-106.080046
Switch,SWIT_503-A,33.076862,-106.08141
Switch,SWIT_503-B,33.076862,-106.08141
Switch,SWIT_501-B,33.075481,-106.045398
Switch,SWIT_1364-A,33.078574,-106.045289
Switch,SWIT_1364-B,33.078574,-106.045289
Switch,SWIT_504-A,33.120689,-106.043893
Switch,SWIT_504-B,33.120689,-106.043893
Switch,SWIT_436-A,33.317544,-106.077508
Switch,SWIT_436-B,33.317544,-106.077508
Switch,SWIT_437-A,33.317573,-106.077515
Switch,SWIT_437-B,33.317573,-106.077515
Switch,SWIT_913-A,33.390263,-106.07373
Switch,SWIT_440-A,33.155242,-106.169961
Switch,SWIT_440-B,33.155242,-106.169961
Switch,SWIT_239-A,33.002272,-106.027774
Switch,SWIT_240-A,32.952465,-105.997696
Switch,SWIT_240-B,32.952465,-105.997696
Switch,SWIT_239-B,33.002272,-106.027774
Switch,SWIT_1353-A,32.917277,-105.998162
Switch,SWIT_217-A,32.834826,-106.080321
Switch,SWIT_217-B,32.834826,-106.080321
Switch,SWIT_936-A,32.998482,-105.835863
Switch,SWIT_936-B,32.998482,-105.835863
Switch,SWIT_327-A,32.944953,-105.835865
Switch,SWIT_327-B,32.944953,-105.835865
Switch,SWIT_360-A,32.743526,-105.980997
Switch,SWIT_360-B,32.743526,-105.980997
Switch,SWIT_326-A,32.954062,-105.993559
Switch,SWIT_461-A,32.831707,-106.071875
Switch,SWIT_461-B,32.831707,-106.071875
Switch,SWIT_460-A,32.831715,-106.07188
Switch,SWIT_460-B,32.831715,-106.07188
Switch,SWIT_462-A,32.831953,-106.072139
Switch,SWIT_462-B,32.831953,-106.072139
Switch,SWIT_463-A,32.831961,-106.072144
Switch,SWIT_463-B,32.831961,-106.072144
Switch,SWIT_464-A,32.832477,-106.072543
Switch,SWIT_464-B,32.832477,-106.072543
Switch,SWIT_466-A,32.832483,-106.072539
Switch,SWIT_466-B,32.832483,-106.072539
Switch,SWIT_467-A,32.832509,-106.072425
Switch,SWIT_467-B,32.832509,-106.072425
Switch,SWIT_468-A,32.832514,-106.072424
Switch,SWIT_468-B,32.832514,-106.072424
Switch,SWIT_465-A,32.832487,-106.072547
Switch,SWIT_465-B,32.832487,-106.072547
Switch,SWIT_469-A,32.83308,-106.072692
Switch,SWIT_469-B,32.83308,-106.072692
Switch,SWIT_109-A,32.83308,-106.072695
Switch,SWIT_109-B,32.83308,-106.072695
Switch,SWIT_470-A,32.833086,-106.072691
Switch,SWIT_470-B,32.833086,-106.072691
Switch,SWIT_929-A,32.833573,-106.07283
Switch,SWIT_929-B,32.833573,-106.07283
Switch,SWIT_111-A,32.833585,-106.07283
Switch,SWIT_111-B,32.833585,-106.07283
Switch,SWIT_211-A,32.83359,-106.07284
Switch,SWIT_211-B,32.83359,-106.07284
Switch,SWIT_108-A,32.833083,-106.072695
Switch,SWIT_108-B,32.833083,-106.072695
Switch,SWIT_184-A,32.830902,-106.073325
Switch,SWIT_184-B,32.830902,-106.073325
Switch,SWIT_185-A,32.830907,-106.073326
Switch,SWIT_185-B,32.830907,-106.073326
Switch,SWIT_198-A,32.831897,-106.075013
Switch,SWIT_198-B,32.831897,-106.075013
Switch,SWIT_195-A,32.831889,-106.075017
Switch,SWIT_195-B,32.831889,-106.075017
Switch,SWIT_193-A,32.831311,-106.075032
Switch,SWIT_193-B,32.831311,-106.075032
Switch,SWIT_200-A,32.831307,-106.075028
Switch,SWIT_200-B,32.831307,-106.075028
Switch,SWIT_187-A,32.830451,-106.074474
Switch,SWIT_187-B,32.830451,-106.074474
Switch,SWIT_189-A,32.830435,-106.074474
Switch,SWIT_189-B,32.830435,-106.074474
Switch,SWIT_202-A,32.829895,-106.074597
Switch,SWIT_202-B,32.829895,-106.074597
Switch,SWIT_207-A,32.829807,-106.074568
Switch,SWIT_182-A,32.8309,-106.07333
Switch,SWIT_182-B,32.8309,-106.07333
Switch,SWIT_1355-A,32.830448,-106.074483
Switch,SWIT_1355-B,32.830448,-106.074483
Switch,SWIT_191-A,32.830434,-106.074484
Switch,SWIT_191-B,32.830434,-106.074484
Switch,SWIT_1356-A,32.829803,-106.074589
Switch,SWIT_183-A,32.830902,-106.073326
Switch,SWIT_183-B,32.830902,-106.073326
Switch,SWIT_199-A,32.830908,-106.073335
Switch,SWIT_199-B,32.830908,-106.073335
Switch,SWIT_197-A,32.831899,-106.075028
Switch,SWIT_197-B,32.831899,-106.075028
Switch,SWIT_196-A,32.83189,-106.075025
Switch,SWIT_196-B,32.83189,-106.075025
Switch,SWIT_192-A,32.831307,-106.075038
Switch,SWIT_192-B,32.831307,-106.075038
Switch,SWIT_194-A,32.831302,-106.07503
Switch,SWIT_194-B,32.831302,-106.07503
Switch,SWIT_186-A,32.83045,-106.074479
Switch,SWIT_186-B,32.83045,-106.074479
Switch,SWIT_190-A,32.830434,-106.074479
Switch,SWIT_190-B,32.830434,-106.074479
Switch,SWIT_204-A,32.829894,-106.0746
Switch,SWIT_204-B,32.829894,-106.0746
Switch,SWIT_459-A,32.829808,-106.074579
Switch,SWIT_207-B,32.829807,-106.074568
Switch,SWIT_334-A,33.001643,-105.865795
Switch,SWIT_334-B,33.001643,-105.865795
Switch,SWIT_430-A,32.966011,-106.001241
Switch,SWIT_430-B,32.966011,-106.001241
Switch,SWIT_333-B,33.040367,-105.836115
Switch,SWIT_489-B,32.562329,-106.02062
Switch,SWIT_459-B,32.829808,-106.074579
Switch,SWIT_1353-B,32.917277,-105.998162
Switch,SWIT_326-B,32.954062,-105.993559
Switch,SWIT_1356-B,32.829803,-106.074589
Switch,SWIT_433-B,33.047486,-106.050963
Switch,SWIT_359-B,32.744563,-105.989461
Regulator,REG_Alamo_Sub,32.908087,-105.973394
Regulator,REG_Holloman,32.840961,-106.064681
Regulator,REG_High_Rolls,32.955635,-105.825957
Regulator,REG_Three_Rivers,33.317556,-106.077511
Capacitor,CAPA_12,32.742164,-105.990001
Capacitor,CAPA_27,33.067603,-106.045344
Capacitor,CAPA_23,33.13049,-106.045793
